,feature,corr,rf,xgb,lgb,corr_rank,rf_rank,xgb_rank,lgb_rank,rank
0,外部评分,0.13147985098845888,0.04935217256323949,0.007095328000000001,1863,1.0,1.0,6.0,9.0,17.0
1,出生日期距申请日期天数,0.10314229848897533,0.025556489240227902,0.0044700284,3026,2.0,4.0,22.0,1.0,29.0
6,工作日期距申请日期天数,0.09395471484798124,0.03920591279636661,0.0041484823,1981,7.0,2.0,25.0,8.0,42.0
7,工作日期距申请日期月数,0.09381774143999476,0.037345225340577735,0.008499352,907,8.0,3.0,4.0,44.0,59.0
37,最近一次换手机号码距申请日天数,0.07393449151706903,0.015442447369047091,0.0027754535,2241,38.0,6.0,68.0,5.0,117.0
93,商品价格,0.051893369495724886,0.009946017638549891,0.004110787,2054,94.0,15.0,26.0,7.0,142.0
52,分期付款应支付时间min,0.06410766047942906,0.010351974743394936,0.003585961,903,53.0,13.0,34.0,46.0,146.0
51,是否逾期meanmean,0.06478888441810374,0.010975172045047762,0.0034892366,874,52.0,12.0,37.0,48.0,149.0
8,信用额度比max_y,0.0840589318254712,0.008499923622791858,0.006927365400000001,256,9.0,23.0,8.0,115.0,155.0
58,居住信息4,0.06026086844376456,0.007865189205261887,0.003267833,1222,59.0,27.0,43.0,26.0,155.0
35,教育程度_1,0.07513833152942506,0.017039165720208343,0.010978095,224,36.0,5.0,2.0,123.0,166.0
40,性别,0.07168131590172701,0.008783085527530932,0.005482778000000001,320,41.0,20.0,14.0,102.0,177.0
53,分期付款实际支付时间min,0.06410235538775716,0.011632021134848168,0.002722113,756,54.0,8.0,70.0,51.0,183.0
19,收入类型_7,0.07692141251955044,0.010316828844641121,0.0062140319999999995,164,20.0,14.0,10.0,152.0,196.0
80,信用额度比min_x,0.05488398873165337,0.00953538734898108,0.002779541,1043,81.0,17.0,67.0,31.0,196.0
89,是否逾期summean,0.05312588972575127,0.0112816573142531,0.0034026705999999998,632,90.0,11.0,40.0,57.0,198.0
3,贷款年金sum比_d,0.10085672115493953,0.008760694035604023,0.004909033,162,4.0,21.0,17.0,156.0,198.0
47,身份认证日期距申请日期天数,0.06742324326834097,0.00860797407292993,0.0021767782,2344,48.0,22.0,128.0,4.0,202.0
14,客户居住地评分2,0.07882445181401303,0.005509331607441978,0.0043613245,250,15.0,50.0,24.0,117.0,206.0
38,最近一次换手机号码距申请日月数,0.07381248871484081,0.012538393263473864,0.0034487126000000002,228,39.0,7.0,39.0,122.0,207.0
17,客户居住地评分mean,0.07857675521747856,0.006673225386493553,0.0055707846999999994,174,17.0,39.0,13.0,145.0,214.0
72,客户类型_0mean_x,0.05647765299057261,0.006758224097196908,0.0035517656,500,73.0,36.0,35.0,75.0,219.0
10,信用额度比mean_y,0.08229337896383615,0.007979849965821273,0.003135018,179,11.0,26.0,51.0,142.0,230.0
46,身份认证日期距申请日期月数,0.06744580269704405,0.008011352953692699,0.0022540647,861,47.0,25.0,119.0,49.0,240.0
4,信用额度sum比_d,0.09999046535089412,0.0070891367129437425,0.009801525,116,5.0,34.0,3.0,200.0,242.0
76,历史贷款授信距本次申请时间min_x,0.05568894190687625,0.007018913116081338,0.0024478522,937,77.0,35.0,93.0,38.0,243.0
126,信用额度比mean_x,0.04444767071427816,0.009728747901905636,0.0025260497,1264,127.0,16.0,85.0,23.0,251.0
50,教育程度_4,0.06588431279921493,0.006552948974444197,0.012952886,147,51.0,40.0,1.0,164.0,256.0
161,信用额度,0.039291709527764895,0.007606630653988289,0.0027841578999999997,2852,162.0,31.0,66.0,3.0,262.0
81,产品组合_7.0mean_x,0.054855114489928,0.004734204017636375,0.0031887990000000004,409,82.0,60.0,47.0,87.0,276.0
5,申请额度sum比_d,0.09933333975419367,0.00763397719451026,0.0033435503000000004,96,6.0,30.0,42.0,213.0,291.0
215,本期还款金额min,0.032527373505112714,0.011583240861634791,0.0028661983,1711,216.0,9.0,60.0,11.0,296.0
67,收益级别_1mean_x,0.05797713957915587,0.004515689792627936,0.0023395738,614,68.0,64.0,107.0,59.0,298.0
108,居住地人口密集度,0.0491185896682828,0.004627601266750165,0.0022157517,2237,109.0,62.0,123.0,6.0,300.0
20,客户居住地评分1,0.0764962734342146,0.0054013523016943205,0.007093815600000001,91,21.0,52.0,7.0,220.0,300.0
2,拟申请拒绝率_d,0.10252280273178896,0.007820034578565251,0.0024131443,126,3.0,28.0,97.0,189.0,317.0
119,分期付款应支付时间mean,0.04628420050395705,0.007158123040747205,0.0021840464,908,120.0,32.0,127.0,43.0,322.0
153,信用比申请额度_a,0.04107104469726376,0.00949764407572675,0.002158116,1335,154.0,19.0,131.0,19.0,323.0
11,信用比申请额度_d,0.08210700031551119,0.0076548524486069434,0.0021546488,164,12.0,29.0,134.0,152.0,327.0
150,贷款年金mean_x,0.04112001285059967,0.005155825485858297,0.0022945963,1419,151.0,57.0,110.0,16.0,334.0
246,本期还款金额meansumsum,0.028851789643028668,0.00952767707751407,0.003044378,1297,247.0,18.0,53.0,21.0,339.0
137,首付率max_x,0.043031116076188834,0.0057024855193505974,0.002264343,949,138.0,48.0,117.0,36.0,339.0
130,贷款年金max_x,0.044150803056685686,0.0052920391402296,0.002111638,1308,131.0,55.0,146.0,20.0,352.0
116,分期付款实际支付时间mean,0.04681649716610201,0.008362622115287297,0.0020120551,926,117.0,24.0,172.0,39.0,352.0
55,收益级别_3sum_x,0.06224659239443652,0.003482178639348876,0.0029637841999999998,132,56.0,82.0,57.0,180.0,375.0
13,信用额度比min_y,0.07897594746084513,0.005311398808313362,0.0020203518,180,14.0,54.0,168.0,141.0,377.0
103,居住信息sum,0.049937249246271735,0.0054769556887866045,0.0019315401,949,104.0,51.0,188.0,36.0,379.0
63,申请额度sum比_a,0.05854004813217669,0.003488699009462556,0.0027728218,140,64.0,81.0,69.0,172.0,386.0
146,贷款类型,0.041881466704050144,0.0017668978948525637,0.0050606113,340,147.0,145.0,16.0,99.0,407.0
69,居住信息3,0.05741998895882509,0.007127635028784419,0.0016660291000000001,1014,70.0,33.0,285.0,34.0,422.0
210,收益级别_2mean_x,0.03324291003183333,0.0022247015476591653,0.006403028000000001,465,211.0,124.0,9.0,79.0,423.0
48,客户类型_0sum_x,0.06679070274599565,0.003531980653303893,0.004802009,55,49.0,79.0,18.0,278.0,424.0
117,行业_2mean_x,0.04649488398859577,0.002755709749628472,0.00241242,331,118.0,109.0,98.0,100.0,425.0
168,首付时间max_x,0.03858056753308014,0.00421281061837009,0.0025340563,234,169.0,68.0,83.0,120.0,440.0
256,本期还款金额mean,0.02804928666388081,0.00638274368259834,0.0022710551999999998,1079,257.0,41.0,116.0,30.0,444.0
16,客户居住地评分sum,0.07857675521747856,0.00593487934965563,0.005295571,19,17.0,46.0,15.0,369.0,447.0
45,贷款类型_0mean_y,0.06899473332119199,0.003044176649539305,0.0058083245999999995,49,46.0,98.0,12.0,294.0,450.0
312,首付金额max_x,0.021953716599610467,0.006729672166213504,0.0032548138,613,313.0,37.0,45.0,63.0,458.0
83,注册日期距申请日期月数,0.05435835535470608,0.004576996942130828,0.0016800946,1012,84.0,63.0,277.0,35.0,459.0
61,地址是否一致标志2,0.0587923444591041,0.0017679885846422915,0.002860633,113,62.0,144.0,61.0,202.0,469.0
368,贷款年金,0.015839982650601908,0.0063021604980914355,0.0028922115,2916,369.0,43.0,59.0,2.0,473.0
292,本期贷款金额sumsumsum,0.02374837273633287,0.006136385588114174,0.0024379347,922,293.0,45.0,96.0,40.0,474.0
82,注册日期距申请日期天数,0.054360134508790486,0.0046847143584683925,0.0015645682999999998,1780,83.0,61.0,320.0,10.0,474.0
112,信用额度max_y,0.04796503418099863,0.0034620644175682425,0.0026102292,100,113.0,84.0,77.0,210.0,484.0
79,贷款年金sum比_a,0.055119891249699064,0.003587375670201124,0.0019748576,164,80.0,75.0,178.0,152.0,485.0
54,付款方式_3mean_y,0.06319105283729719,0.0026466320462167907,0.0020944932,142,55.0,113.0,150.0,169.0,487.0
36,商品类别_27mean_y,0.074670511007808,0.0020892921675394354,0.008103197,38,37.0,130.0,5.0,315.0,487.0
152,历史贷款授信距本次申请时间mean_x,0.04110070307152307,0.004404946257840089,0.001790572,920,153.0,66.0,233.0,41.0,493.0
273,信用额度比max_x,0.025564445574168995,0.005922131950035557,0.0020477127,1427,274.0,47.0,161.0,15.0,497.0
95,拟实际应还贷款金额max_y,0.05169064721683291,0.003276742398777889,0.0020687936,154,96.0,89.0,155.0,160.0,500.0
12,付款方式_3sum_y,0.07946946436257986,0.002596683148210247,0.0034521206,28,13.0,114.0,38.0,335.0,500.0
286,本期贷款金额min,0.024353049777611067,0.006676642591190734,0.0020415402999999998,1618,287.0,38.0,163.0,12.0,500.0
84,产品类型_1mean_x,0.054109520699248986,0.0015103090562581082,0.002275516,160,85.0,157.0,115.0,157.0,514.0
159,组合类型_3sum_x,0.03997543266196914,0.002037768230153947,0.0027886652,135,160.0,131.0,65.0,178.0,534.0
86,产品组合_7.0sum_x,0.05355208985134408,0.0027619262178250076,0.0022903804,84,87.0,108.0,112.0,229.0,536.0
106,拟申请核准率_a,0.04956680636525345,0.003230472428571359,0.00201788,142,107.0,90.0,171.0,169.0,537.0
249,是否有车,0.02863547433185776,0.0014278826638082372,0.004593952,258,250.0,159.0,19.0,113.0,541.0
151,历史贷款授信距本次申请月数mean_x,0.04110963463200682,0.003954466464383228,0.001719324,688,152.0,71.0,266.0,55.0,544.0
9,合同状态_2sum_y,0.08279816324519486,0.0017798159721376606,0.0038799238000000002,19,10.0,143.0,30.0,369.0,552.0
191,商品类别_11mean_x,0.03557823250726756,0.0012469831210266806,0.0026284182,203,192.0,166.0,76.0,134.0,568.0
158,付款方式_3mean_x,0.04002214427920008,0.0015299158497448016,0.00201883,398,159.0,155.0,170.0,89.0,573.0
182,贷款类型_Asum_x,0.03683815460524467,0.0018388574669867305,0.0031729762,110,183.0,140.0,48.0,203.0,574.0
133,收益级别_2sum_x,0.04396216401448701,0.001411266074652835,0.004568387,67,134.0,162.0,21.0,257.0,574.0
98,贷款年金max_y,0.05126873450909837,0.00176520012146313,0.0019803694,155,99.0,146.0,176.0,159.0,580.0
220,申请额度max_x,0.03213437989440634,0.0035539255534911616,0.0018493035999999998,520,221.0,78.0,212.0,73.0,584.0
176,产品组合_12.0mean_x,0.03778266319640315,0.0014159504554806922,0.002152947,261,177.0,161.0,135.0,111.0,584.0
75,历史贷款授信距本次申请月数min_x,0.05570597263389291,0.006329404741959097,0.0015529945000000002,184,76.0,42.0,327.0,139.0,584.0
118,收益级别_0mean_x,0.04642966452667188,0.001695891190024091,0.0018944948,250,119.0,149.0,201.0,117.0,586.0
208,是否逾期sumsum,0.033409296466577164,0.004821855217871773,0.001968956,174,209.0,59.0,179.0,145.0,592.0
124,贷款年金mean_y,0.044896039304098856,0.002166581198601511,0.0018445310000000002,218,125.0,126.0,217.0,127.0,595.0
41,贷款类型_0sum_y,0.07115851277591037,0.0015316346436561414,0.005984955,16,42.0,154.0,11.0,388.0,595.0
173,付款方式_0sum_x,0.038065511542586236,0.0023076384826818115,0.0020415542999999998,178,174.0,122.0,162.0,143.0,601.0
60,信用额度sum比_a,0.05946573342075465,0.0034313694199074305,0.0017272332,115,61.0,85.0,259.0,201.0,606.0
166,首付月数max_x,0.03867746555663331,0.0037427851769291907,0.0039440054,27,167.0,73.0,29.0,338.0,607.0
43,行业_10mean_y,0.06993796226757533,0.0008979793750649252,0.0044298440000000005,26,44.0,202.0,23.0,343.0,612.0
121,收益级别_3mean_x,0.045962893750554366,0.0038682228925892522,0.0014885229,531,122.0,72.0,348.0,71.0,613.0
104,居住信息mean,0.04993724924627173,0.006290593313318061,0.0016893484,122,105.0,44.0,273.0,193.0,615.0
345,拟实际应还贷款金额mean_x,0.017944945052516162,0.0032016997267363388,0.0020292879,1348,346.0,91.0,167.0,18.0,622.0
92,收益级别_0mean_y,0.05244812076421729,0.0009736831691628166,0.0024557484,69,93.0,187.0,92.0,255.0,627.0
289,有外部评分,0.0239443590510122,0.0009066438856117137,0.004585871,220,290.0,198.0,20.0,126.0,634.0
127,商品价格max_y,0.04431012884363159,0.0034793662345560072,0.0028373348,20,128.0,83.0,62.0,366.0,639.0
376,拟实际应还贷款金额sum_x,0.01499570424806459,0.005025957113885686,0.002004156,1032,377.0,58.0,173.0,32.0,640.0
267,贷款年金min_x,0.02618687652373641,0.003297783435142168,0.0017098145000000002,1185,268.0,88.0,268.0,27.0,651.0
156,产品组合_14.0mean_x,0.04024719667682949,0.0019502239872852352,0.0017483095000000001,259,157.0,134.0,250.0,112.0,653.0
134,产品组合_12.0sum_x,0.043875897729247736,0.001063718256606798,0.0037297346000000004,39,135.0,179.0,31.0,311.0,656.0
125,居住信息1,0.0445379627699176,0.002457397701436041,0.0015092385999999998,431,126.0,117.0,342.0,83.0,668.0
65,地址是否一致标志sum,0.058051087601447074,0.0030980098587581875,0.0015856922,118,66.0,94.0,311.0,198.0,669.0
111,首付率mean_y,0.048551189229543226,0.002145619915932027,0.0018494304000000001,91,112.0,128.0,211.0,220.0,671.0
223,贷款年金min_y,0.03167796082026705,0.003015038471999785,0.0017755442999999999,235,224.0,100.0,239.0,119.0,682.0
129,收益级别_1mean_y,0.044168449874635814,0.0007665778310269576,0.0023890478,75,130.0,221.0,100.0,245.0,696.0
113,首付率max_y,0.047778955408430204,0.001891256276753161,0.0019019020999999998,73,114.0,139.0,200.0,248.0,701.0
265,首付率mean_x,0.026479509093058018,0.003113445685922129,0.0015827479,1147,266.0,93.0,313.0,29.0,701.0
259,信用额度max_x,0.027699046761772397,0.0033085356715543603,0.001670244,525,260.0,87.0,284.0,72.0,703.0
436,拟实际应还贷款金额max_x,0.010772788076933002,0.00358672645455109,0.0020309573,1234,437.0,76.0,166.0,25.0,704.0
90,产品类型_1sum_x,0.05295253623020404,0.0005822575363394085,0.002541704,53,91.0,251.0,82.0,282.0,706.0
122,拟实际应还贷款金额sum_y,0.0452696974107061,0.003640663685579226,0.0014671966,153,123.0,74.0,355.0,161.0,713.0
275,产品组合_11.0mean_x,0.02528381014791807,0.0009714880690992403,0.0021315929999999998,279,276.0,188.0,143.0,106.0,713.0
317,本期贷款金额mean,0.021684805734413483,0.003961493783472426,0.0016582270000000002,906,318.0,70.0,287.0,45.0,720.0
15,商品类别_27sum_y,0.07876901557019368,0.002410853092303353,0.001783609,24,16.0,120.0,236.0,351.0,723.0
163,信用额度mean_y,0.03906515743614325,0.003083739258869958,0.0016828796,123,164.0,95.0,276.0,191.0,726.0
201,客户类型_1mean_x,0.033903289423664516,0.000923413571215335,0.0017698471,362,202.0,194.0,243.0,94.0,733.0
62,产品类型_1mean_y,0.058746781405389914,0.0008474612997307693,0.0018911407000000002,61,63.0,210.0,202.0,265.0,740.0
171,拟实际应还贷款金额mean_y,0.03819234857887541,0.0019391686507571968,0.0016794496,158,172.0,135.0,278.0,158.0,743.0
307,信用额度mean_x,0.02273258802613524,0.002798840740392457,0.0017261363,570,308.0,107.0,261.0,67.0,743.0
239,申请额度mean_x,0.029627714742790863,0.0030127709825057266,0.0015209779,582,240.0,102.0,339.0,65.0,746.0
261,职业_3.0,0.027414797332166927,0.00035218685397641263,0.0040095956,163,262.0,305.0,28.0,155.0,750.0
382,首付金额mean_x,0.014732683381771925,0.005315969318214385,0.0016887626,918,383.0,53.0,274.0,42.0,752.0
64,组合类型_2sum_y,0.058210463781148386,0.0005393194643842343,0.0035940888,13,65.0,255.0,33.0,402.0,755.0
34,行业_10sum_y,0.07568630663037562,0.002234135139773734,0.0018469449,16,35.0,123.0,214.0,388.0,760.0
180,是否提供电话,0.03708602073346789,0.0003651159322087104,0.0021672295000000003,165,181.0,300.0,129.0,151.0,761.0
136,付款方式_0mean_y,0.0434730238974694,0.0007854087018601566,0.002078777,66,137.0,218.0,152.0,259.0,766.0
206,申请时点,0.033581015952516516,0.001071498718342582,0.0015586013,614,207.0,178.0,324.0,59.0,768.0
18,客户类型_2sum_y,0.07824497094698854,0.00123101911158855,0.0017328460000000001,32,19.0,168.0,256.0,330.0,773.0
170,居住信息2,0.03820833281456346,0.0017096426517452046,0.001341312,700,171.0,148.0,403.0,54.0,776.0
49,地址是否一致标志6,0.06657542762997291,0.0035199775286990265,0.0015727539000000002,32,50.0,80.0,317.0,330.0,777.0
241,申请时点_4mean_x,0.029502271947331394,0.0008373255946922347,0.0017937426,355,242.0,212.0,231.0,96.0,781.0
316,申请时点_9mean_x,0.021761277374361745,0.0007177191804586452,0.002097669,381,317.0,227.0,148.0,91.0,783.0
194,商品类别_19mean_x,0.035105194171838015,0.0018107555035036106,0.0014819766,286,195.0,141.0,349.0,105.0,790.0
584,本期贷款金额max,0.004300440864379663,0.005560483899891062,0.0021513926,1284,585.0,49.0,136.0,22.0,792.0
244,收益级别_1sum_x,0.028988867045125124,0.001285946690064543,0.0020529348,87,245.0,165.0,159.0,224.0,793.0
225,收入类型_4,0.03134422096991886,0.00032720364891460313,0.0025100699,144,226.0,313.0,89.0,165.0,793.0
251,产品类型_2sum_x,0.02833449654822505,0.0007212339496693213,0.0025275926999999998,83,252.0,226.0,84.0,231.0,793.0
198,首付金额min_y,0.0342473647709317,0.002116172011146939,0.0021415032,33,199.0,129.0,138.0,328.0,794.0
240,商品价格mean_x,0.029625696805347292,0.003407326096602834,0.0015015383999999999,215,241.0,86.0,346.0,130.0,803.0
105,产品组合_2.0mean_y,0.049845495161057685,0.0009412681444261943,0.0021481852,19,106.0,191.0,137.0,369.0,803.0
187,合同状态_1mean_x,0.03610900809107055,0.0008021819938688233,0.0018159599,136,188.0,216.0,227.0,176.0,807.0
266,商品类别_27mean_x,0.02641609644960892,0.0012154673880177698,0.0018822702,149,267.0,171.0,206.0,163.0,807.0
71,收益级别_1sum_y,0.05648908148853991,0.0006543163967784469,0.0022176242999999997,17,72.0,232.0,122.0,384.0,810.0
726,本期还款金额ms比贷款金额ssmean,0.0012859667125840082,0.011413821930667006,0.0031434953999999998,1257,727.0,10.0,50.0,24.0,811.0
88,组合类型_2mean_y,0.053160834400885926,0.0008982091011252672,0.0019338278,26,89.0,201.0,187.0,343.0,820.0
227,产品类型_2mean_x,0.030868503726041382,0.0015280421601891294,0.0015289484,329,228.0,156.0,336.0,101.0,821.0
132,产品组合_0.0mean_x,0.04406738553069231,0.0007293457249288802,0.0016986057999999998,119,133.0,224.0,272.0,196.0,825.0
39,收益级别_0sum_y,0.07210335594901482,0.0005123152320518026,0.0022331097,12,40.0,262.0,120.0,404.0,826.0
567,有车时间,0.0049209144248874796,0.0015763312096494235,0.0033710331,598,568.0,153.0,41.0,64.0,826.0
128,申请额度max_y,0.0442543670131158,0.00318673811182535,0.0014460745999999999,78,129.0,92.0,368.0,239.0,828.0
334,申请额度min_x,0.01975416216251072,0.0029910785982274943,0.0014648641,1021,335.0,103.0,358.0,33.0,829.0
162,申请时点_4mean_y,0.039188877650180434,0.00028809020718283465,0.0028985753,49,163.0,325.0,58.0,294.0,840.0
285,信用额度min_y,0.024393068004307124,0.0019246834871020308,0.0017301106,144,286.0,136.0,257.0,165.0,844.0
384,陪同申请人_7.0mean_x,0.01465568151161598,0.0011613662502119948,0.0017749032999999999,740,385.0,172.0,240.0,52.0,849.0
221,商品价格max_x,0.032133556368672725,0.0030148062804599327,0.0018214647,46,222.0,101.0,226.0,301.0,850.0
184,行业_4sum_x,0.036212580755614086,0.0010063907000227507,0.0015367254,166,185.0,186.0,332.0,150.0,853.0
214,行业_5mean_x,0.03292428828364724,0.0009319580840420512,0.0016743126,144,215.0,193.0,281.0,165.0,854.0
96,获客渠道_5mean_y,0.051644268510210166,0.0003634486669428662,0.0018225269,82,97.0,302.0,223.0,233.0,855.0
310,历史贷款授信距本次申请时间min_y,0.022580803233571055,0.001592520669956403,0.0017010623,223,311.0,152.0,270.0,124.0,857.0
217,陪同申请人_1.0sum_x,0.032381633455192786,0.0005592319532378475,0.0019880708,96,218.0,253.0,175.0,213.0,859.0
66,地址是否一致标志mean,0.058051087601406565,0.0028746975178469782,0.0016152129,15,67.0,106.0,304.0,393.0,870.0
336,申请时点_8mean_x,0.01942643671050441,0.0011267417232819613,0.0016486425,578,337.0,174.0,293.0,66.0,870.0
524,分期付款实际支付时间max,0.006191930193422123,0.0029685816973094945,0.0018044607000000002,1450,525.0,104.0,229.0,14.0,872.0
401,信用额度min_x,0.012502879679282855,0.002917288241892677,0.0015732022,778,402.0,105.0,316.0,50.0,873.0
181,组合类型_4mean_x,0.037041711396876814,0.0008182584952176398,0.0015292029999999998,174,182.0,213.0,335.0,145.0,875.0
212,合同状态_0sum_x,0.033053633854369165,0.00200790117139653,0.001500447,128,213.0,132.0,347.0,185.0,877.0
44,产品类型_1sum_y,0.0698162269093586,0.0009713543113579027,0.0018888986,5,45.0,189.0,203.0,450.0,887.0
488,分期付款应支付时间max,0.007826500151552236,0.00270663497952577,0.0017225670000000002,1174,489.0,111.0,262.0,28.0,890.0
197,获客渠道_0mean_x,0.03436893074381786,0.0003417547179887386,0.0021403222,73,198.0,308.0,139.0,248.0,893.0
588,首付月数mean_x,0.0041927222948845155,0.004444184396201843,0.0036804290000000003,106,589.0,65.0,32.0,208.0,894.0
352,拟实际应还贷款金额min_y,0.017599201390690742,0.002707930761829695,0.0016193142999999998,208,353.0,110.0,299.0,133.0,895.0
627,本期还款金额max,0.003342471007803202,0.0052102780977062784,0.0020338164,877,628.0,56.0,165.0,47.0,896.0
558,历史贷款授信距本次申请时间max_y,0.005161589087504854,0.0030212619089653924,0.0020571288,434,559.0,99.0,157.0,81.0,896.0
387,历史贷款授信距本次申请时间mean_y,0.01427093323299011,0.002554337049364854,0.0017347581,192,388.0,116.0,255.0,137.0,896.0
147,贷款类型_1mean_x,0.04179943373192116,0.0008768649060315923,0.0014264014999999998,143,148.0,206.0,375.0,168.0,897.0
279,商品类别_4mean_x,0.02475557527754989,0.00043339826602381467,0.0026394978999999996,61,280.0,281.0,74.0,265.0,900.0
590,首付时间mean_x,0.004171545904792361,0.00439644003135676,0.0023809518,168,591.0,67.0,102.0,148.0,908.0
70,组合类型_4sum_y,0.05731717429674482,0.0004059291847649187,0.002372858,5,71.0,289.0,104.0,450.0,914.0
190,申请额度mean_y,0.03562397546365565,0.0024022360061371037,0.001448909,78,191.0,121.0,366.0,239.0,917.0
242,职业_0.0,0.029345679829384783,0.00024180007331966376,0.0024785597,77,243.0,344.0,90.0,241.0,918.0
94,产品组合_2.0sum_y,0.05184035063004865,0.0005961532383390392,0.002387599,3,95.0,249.0,101.0,479.0,924.0
131,组合类型_4mean_y,0.04410466265618897,0.00046879043454926367,0.001903242,35,132.0,269.0,199.0,325.0,925.0
192,产品组合_3.0mean_x,0.0351711318846385,0.0005290101411936446,0.0017413120999999999,90,193.0,257.0,253.0,222.0,925.0
386,历史贷款授信距本次申请月数mean_y,0.014299350066649376,0.0024347548637353787,0.0017853085999999998,124,387.0,118.0,234.0,190.0,929.0
544,婚姻状态,0.005468091204145316,0.0008835376275755291,0.0023750481,488,545.0,204.0,103.0,77.0,929.0
315,申请额度min_y,0.02185674769209871,0.002432235095264421,0.0016556779999999998,107,316.0,119.0,289.0,207.0,931.0
357,收益级别_4mean_x,0.017036344667004658,0.0012324192675651775,0.0014786818,622,358.0,167.0,351.0,58.0,934.0
444,贷款申请前1个季度内征信查询次数,0.010268778143558907,0.0002925692394235096,0.0029679235999999997,257,445.0,323.0,55.0,114.0,937.0
100,贷款用途_24mean_y,0.05073183766641993,0.0006019439161617767,0.0015220894,71,101.0,244.0,338.0,254.0,937.0
230,申请时点_3mean_x,0.03056404616146049,0.0004498438531239212,0.0017629210999999998,128,231.0,276.0,247.0,185.0,939.0
189,商品价格mean_y,0.03569314608386767,0.0030529316205463587,0.0017058003,17,190.0,97.0,269.0,384.0,940.0
321,陪同申请人_1.0mean_x,0.02132472789444637,0.0007246902859998336,0.0015433942,511,322.0,225.0,329.0,74.0,950.0
335,商品价格min_x,0.01975416051146895,0.0030835443697999746,0.0016730175,80,336.0,96.0,283.0,238.0,953.0
42,客户类型_2mean_y,0.07051864457875466,0.0010611273618192935,0.0013075012,36,43.0,180.0,410.0,322.0,955.0
155,商品类别_11sum_x,0.04036010849278551,0.0006360658841761315,0.0017286817000000002,41,156.0,233.0,258.0,309.0,956.0
302,申请时点_9sum_x,0.023360825602174198,0.0003762624224903,0.0025194510000000002,55,303.0,294.0,86.0,278.0,961.0
143,产品组合_0.0sum_x,0.042105721356062366,0.00028268016935119783,0.0023563749,17,144.0,330.0,106.0,384.0,964.0
353,获客渠道_7mean_x,0.0173771090279555,0.0007297969574499825,0.0016404141,372,354.0,223.0,295.0,92.0,964.0
350,行业_3mean_x,0.017732857936497284,0.0002303340385940959,0.0028353664000000003,101,351.0,350.0,63.0,209.0,973.0
441,申请周内日_4mean_x,0.010551695368824505,0.0006174426302476418,0.0018444926,489,442.0,239.0,218.0,76.0,975.0
309,历史贷款授信距本次申请月数min_y,0.02261080446852746,0.0019873005016169984,0.0019261047000000001,26,310.0,133.0,189.0,343.0,975.0
255,产品组合_13.0mean_x,0.028133728973409825,0.00036513978386826327,0.0022798972,39,256.0,299.0,113.0,311.0,979.0
167,居住状态_5,0.03865438596447717,0.00016666271187282727,0.0025773677,25,168.0,382.0,81.0,348.0,979.0
218,收益级别_4sum_x,0.0322623558754403,0.0008107983465514269,0.0014298413,137,219.0,214.0,374.0,174.0,981.0
57,是否提供手机号,0.061344549425356325,0.004035494586305585,0.0007220279,17,58.0,69.0,473.0,384.0,984.0
164,陪同申请人_7.0mean_y,0.03897799320693682,0.00044553738197157966,0.0015575957,94,165.0,277.0,326.0,218.0,986.0
332,客户类型_2mean_x,0.020225914242209,0.0019071628489646933,0.0012564099,353,333.0,138.0,420.0,97.0,988.0
78,贷款用途_23sum_y,0.05520172186366307,0.00022002357963255874,0.0019125976,23,79.0,358.0,196.0,356.0,989.0
222,产品组合_6.0mean_x,0.031766598846901764,0.0007908593536103144,0.0015033682999999998,99,223.0,217.0,344.0,211.0,995.0
185,产品组合_11.0sum_x,0.036164630107590384,0.0006023683813525918,0.0016791426,50,186.0,243.0,279.0,288.0,996.0
328,付款方式_0mean_x,0.0209628086358706,0.0012264178042055735,0.0013362393,363,329.0,170.0,405.0,93.0,997.0
557,历史贷款授信距本次申请时间max_x,0.005170376560742025,0.0021610108785803024,0.0016190317000000002,1395,558.0,127.0,300.0,17.0,1002.0
257,社交圈违约信息2_1,0.027997910085273348,5.6955915790070716e-05,0.003172738,73,258.0,448.0,49.0,248.0,1003.0
211,获客渠道_3mean_y,0.033134399952447664,0.00018061275031240248,0.0026780919,26,212.0,377.0,72.0,343.0,1004.0
74,贷款用途_24sum_y,0.05589800661403547,0.0006872511999812354,0.0015820895999999998,16,75.0,229.0,315.0,388.0,1007.0
205,申请周内日_5mean_y,0.033724421923783984,0.0002582042417543269,0.0019069370999999999,61,206.0,339.0,197.0,265.0,1007.0
413,获客渠道_4mean_x,0.01183775107216536,0.0010484403387364173,0.0015340003,477,414.0,184.0,334.0,78.0,1010.0
253,陪同申请人_7.0sum_x,0.02815786430634455,0.0007740802006890732,0.0013133764000000001,201,254.0,220.0,408.0,135.0,1017.0
85,贷款类型_1sum_y,0.05394677885832591,0.00014295127460976382,0.0026345449,4,86.0,393.0,75.0,464.0,1018.0
361,商品类别_7mean_x,0.01654281718354423,0.0006284786499759976,0.0015681745,299,362.0,235.0,319.0,103.0,1019.0
666,客户收入,0.0025116594557143012,0.0026530994910498127,0.0017920294,1492,667.0,112.0,232.0,13.0,1024.0
160,收益级别_4mean_y,0.03964704946097429,0.00033100395582261085,0.0015388614000000002,89,161.0,311.0,331.0,223.0,1026.0
379,行业_4mean_x,0.014853360886633112,0.0012297840297314433,0.0013538554,427,380.0,169.0,401.0,84.0,1034.0
280,收益级别_3sum_y,0.0246702641842028,0.00011292168034672122,0.0034921875,38,281.0,412.0,36.0,315.0,1044.0
183,居住状态_1,0.036812057237349316,0.00028236890461452057,0.0016491378,75,184.0,331.0,291.0,245.0,1051.0
207,申请周内日_0mean_y,0.033481102324223085,0.00020349922642381904,0.0017668982,81,208.0,367.0,244.0,236.0,1055.0
193,产品组合_5.0mean_y,0.03511739653741305,0.00013057415457034218,0.0022929166,24,194.0,401.0,111.0,351.0,1057.0
274,付款方式_3sum_x,0.025445318676032492,0.000523707410867262,0.0016733438000000002,76,275.0,259.0,282.0,244.0,1060.0
476,拟实际应还贷款金额min_x,0.008676346919335233,0.0017946450257767374,0.0013899754999999998,716,477.0,142.0,390.0,53.0,1062.0
226,产品组合_6.0sum_x,0.03133052093471809,0.0003830009160201788,0.0020952839999999998,14,227.0,292.0,149.0,397.0,1065.0
209,贷款用途_23mean_y,0.03336495737884749,0.0005378309056989048,0.0014506303,77,210.0,256.0,365.0,241.0,1072.0
410,组合类型_3mean_x,0.011995642456707098,0.0013422938324569255,0.0014575862,199,411.0,164.0,362.0,136.0,1073.0
195,产品组合_0.0mean_y,0.03484959124193515,0.00020082515770656497,0.0020929293,22,196.0,369.0,151.0,359.0,1075.0
238,申请时点_6mean_y,0.029822968431912025,0.0002255227680827576,0.0017843015,73,239.0,355.0,235.0,248.0,1077.0
56,收入类型_3,0.06152491280855703,0.0035777239180245835,0.0,4,57.0,77.0,479.0,464.0,1077.0
381,贷款类型_Amean_y,0.014744000902646647,0.00038245491980601717,0.002830643,27,382.0,293.0,64.0,338.0,1077.0
308,产品组合_2.0mean_x,0.02264227312061146,0.0005718902261571706,0.0015023645000000001,138,309.0,252.0,345.0,173.0,1079.0
141,行业_2sum_y,0.04249297394109475,0.00018322409358411898,0.0020665056,11,142.0,375.0,156.0,409.0,1082.0
107,申请时点_4sum_y,0.049432614364308985,0.00020614382550214347,0.001959971,7,108.0,365.0,180.0,432.0,1085.0
330,行业_10mean_x,0.02077768329690579,0.0009346866254555477,0.001193303,216,331.0,192.0,435.0,128.0,1086.0
102,申请时点_6sum_y,0.05008874054730557,0.0002154038587805973,0.0018285870000000002,11,103.0,359.0,221.0,409.0,1092.0
608,首付金额min_x,0.0036905105394973844,0.0015085482851729284,0.0017177770000000002,614,609.0,158.0,267.0,59.0,1093.0
370,获客渠道_3sum_x,0.01573715869145056,0.0002137714093725559,0.002966495,43,371.0,361.0,56.0,307.0,1095.0
412,客户类型_2sum_x,0.011926677015292908,0.0010183526109090618,0.0016757044,92,413.0,185.0,280.0,219.0,1097.0
179,产品类型_2sum_y,0.03718055687064451,0.0001347036880701104,0.0021649199,16,180.0,399.0,130.0,388.0,1097.0
556,历史贷款授信距本次申请月数max_y,0.005190993745860119,0.0019125831417961196,0.002155481,59,557.0,137.0,132.0,272.0,1098.0
305,产品组合_8.0mean_x,0.023130850875616508,0.0005981765119596484,0.0012553674,222,306.0,246.0,421.0,125.0,1098.0
513,收益级别_2mean_y,0.0066271584267055435,0.0005270627053980722,0.0032148978000000003,52,514.0,258.0,46.0,284.0,1102.0
388,社交圈违约信息2_2,0.01423409739665461,0.0004996483729700369,0.0016027433,181,389.0,265.0,308.0,140.0,1102.0
135,获客渠道_3sum_y,0.04375679372112639,0.00011297082215474756,0.0025934328,3,136.0,411.0,79.0,479.0,1105.0
277,行业_1mean_x,0.025040896337079874,0.000353351443680472,0.0017203019000000001,66,278.0,304.0,264.0,259.0,1105.0
458,合同状态_0mean_x,0.00955017982630667,0.0010515222411735753,0.0016154618,151,459.0,183.0,303.0,162.0,1107.0
452,获客渠道_3mean_x,0.009902339490782593,0.0002524553974478897,0.0020199777,177,453.0,341.0,169.0,144.0,1107.0
196,职业_9.0,0.034681229618984136,4.507516602651225e-05,0.004087975,9,197.0,464.0,27.0,420.0,1108.0
169,职业_4.0,0.038423328448121616,0.00018139921560280872,0.001650121,57,170.0,376.0,290.0,274.0,1110.0
101,申请时点_5sum_y,0.050682928794266835,0.0001015063778338848,0.0021338526,5,102.0,418.0,141.0,450.0,1111.0
313,商品价格min_y,0.021929979300115133,0.0021740062364228783,0.0016087891,19,314.0,125.0,306.0,369.0,1114.0
411,家庭成员数,0.011980525553247615,0.000596759589459651,0.0014806420000000001,277,412.0,247.0,350.0,107.0,1116.0
172,产品类型_0mean_y,0.03811500424696906,0.00036687036973136216,0.0012927918,83,173.0,297.0,415.0,231.0,1116.0
287,申请时点_8sum_x,0.024171038325751692,0.0004755673725382589,0.0014467567999999998,121,288.0,267.0,367.0,195.0,1117.0
204,首付金额mean_y,0.03382435590593297,0.002560472564392757,0.0010533694,26,205.0,115.0,457.0,343.0,1120.0
385,收益级别_3mean_y,0.014357132890751002,0.0004671845959662848,0.0017799969,85,386.0,271.0,238.0,226.0,1121.0
202,申请周内日_1mean_y,0.033889392021868116,0.00024053939834032447,0.0015629143,72,203.0,346.0,322.0,253.0,1124.0
262,合同状态_1sum_x,0.0272215235576364,0.00032031549846600843,0.0019474189000000001,21,263.0,317.0,182.0,362.0,1124.0
344,职业_6.0,0.018030006449872592,6.81632758995943e-05,0.0022790206,85,345.0,440.0,114.0,226.0,1125.0
431,产品类型_0mean_x,0.011020183622904295,0.0010533161597891117,0.0013310808,272,432.0,181.0,406.0,110.0,1129.0
247,行业_2mean_y,0.0287690276436337,0.00022829398806089609,0.0018401477,39,248.0,352.0,219.0,311.0,1130.0
470,贷款用途_23mean_x,0.008947930433944956,0.0009694366266537985,0.0018479491,67,471.0,190.0,213.0,257.0,1131.0
263,首付金额max_y,0.026983156195729253,0.0017630015968229094,0.001557952,14,264.0,147.0,325.0,397.0,1133.0
456,申请时点_5mean_x,0.009760279097476758,0.0009017268196417543,0.0013228801999999999,558,457.0,200.0,407.0,69.0,1133.0
356,获客渠道_6sum_x,0.017167282386797173,0.00021160075986594157,0.00225712,46,357.0,363.0,118.0,301.0,1139.0
203,申请时点_3mean_y,0.03382841757454981,0.0001380066871361563,0.0021921835999999997,10,204.0,397.0,124.0,415.0,1140.0
200,贷款类型_1mean_y,0.03408692578089136,0.0002654916699785125,0.0017201973999999998,27,201.0,337.0,265.0,338.0,1141.0
418,申请时点_7sum_x,0.01161143834365028,0.00036350721849838887,0.0017647537,136,419.0,301.0,246.0,176.0,1142.0
254,组合类型_0mean_x,0.02813767890435892,0.0006131136210287963,0.0008986268,127,255.0,241.0,467.0,187.0,1150.0
338,陪同申请人_0.0mean_x,0.01867945955303806,0.00021265289933961642,0.0018460125,82,339.0,362.0,216.0,233.0,1150.0
408,商品类别_27sum_x,0.012109790229541999,0.0006277900724705081,0.0019148670000000002,40,409.0,236.0,195.0,310.0,1150.0
389,社交圈违约信息1_2,0.014229096767415128,0.00046412752064112873,0.0015062975,168,390.0,272.0,343.0,148.0,1153.0
268,组合类型_0sum_x,0.026076576379014383,0.00018772257917937257,0.0025167274,8,269.0,374.0,87.0,427.0,1157.0
440,贷款类型_Amean_x,0.010588735602530066,0.0010933519047103973,0.0014352148,141,441.0,175.0,371.0,171.0,1158.0
519,申请周内日_5mean_x,0.006472993669417885,0.0006237527116242207,0.0015835073000000002,398,520.0,237.0,312.0,89.0,1158.0
228,获客渠道_7sum_x,0.03075468102261688,0.0004241662632882094,0.0014020164000000002,62,229.0,284.0,384.0,263.0,1160.0
478,申请周内日_7mean_x,0.008547905171741317,0.0005889694862543161,0.0014749820000000001,435,479.0,250.0,353.0,80.0,1162.0
59,获客渠道_5sum_y,0.059765881640743534,0.00024538854261499577,0.0013806971,19,60.0,342.0,394.0,369.0,1165.0
234,客户类型_1sum_x,0.030214249238517087,0.0007298851303343705,0.0011058936,63,235.0,222.0,447.0,261.0,1165.0
229,产品组合_3.0mean_y,0.03069625460663692,0.00017220102902930964,0.0018837887,24,230.0,380.0,205.0,351.0,1166.0
295,陪同申请人_0.0sum_x,0.023684838623553098,9.654202805512666e-05,0.0024380511999999997,23,296.0,423.0,95.0,356.0,1170.0
77,有居住信息4,0.05556879466959205,0.0016013569120792905,0.0010820872,2,78.0,151.0,450.0,491.0,1170.0
443,申请周内日_1mean_x,0.010314252157190744,0.0006575232733714585,0.0012722592,433,444.0,231.0,418.0,82.0,1175.0
21,合同状态_2mean_y,0.07629887618435502,0.0016401048466890991,0.0,0,22.0,150.0,479.0,525.0,1176.0
264,职业_15.0,0.026825702117259032,0.0002011542948349923,0.0016289237,73,265.0,368.0,297.0,248.0,1178.0
270,获客渠道_4mean_y,0.025862195254475917,0.00020547028585520162,0.0016986141,59,271.0,366.0,271.0,272.0,1180.0
31,利率1mean_y,0.07629887618406328,0.000874926460753266,0.0,4,32.0,207.0,479.0,464.0,1182.0
473,产品组合_1.0mean_x,0.00875264818522499,0.00034293011998191316,0.0018217671,135,474.0,307.0,225.0,178.0,1184.0
566,获客渠道_6mean_x,0.004950138488226001,0.00047033729264208155,0.0017661271,290,567.0,268.0,245.0,104.0,1184.0
139,申请时点_3sum_y,0.042699718385841,6.311264435877882e-05,0.0022231487,3,140.0,444.0,121.0,479.0,1184.0
216,商品类别_7sum_x,0.03243347605766732,0.00036618323542948533,0.0014212192000000001,49,217.0,298.0,376.0,294.0,1185.0
245,申请周内日_6mean_y,0.028944332010302512,0.0001487236839734341,0.0015104995000000002,99,246.0,389.0,341.0,211.0,1187.0
284,申请时点_3sum_x,0.024461019482707427,0.00022795948056364613,0.001944989,19,285.0,353.0,183.0,369.0,1190.0
481,贷款申请前1年内征信查询次数,0.008254583529062994,0.0006785988737703173,0.0013846883,400,482.0,230.0,392.0,88.0,1192.0
115,陪同申请人_7.0sum_y,0.04688536204443744,0.00019252977989379604,0.0013553101999999998,44,116.0,370.0,400.0,306.0,1192.0
375,申请人是否额外提供了文件8,0.015102744540279043,2.676778161714057e-05,0.003255713,50,376.0,485.0,44.0,288.0,1193.0
30,利率2max_y,0.07629887618426602,0.0014207351320349065,0.0,0,29.0,160.0,479.0,525.0,1193.0
617,申请时点_6mean_x,0.0035296541029311906,0.0008858841810615428,0.0016138376000000001,567,618.0,203.0,305.0,68.0,1194.0
178,行业_5sum_x,0.03732768210646012,0.00034456187277443964,0.0013990614000000002,36,179.0,306.0,387.0,322.0,1194.0
367,贷款用途_23sum_x,0.01595684671699081,0.0007760533966499403,0.0012307210000000002,129,368.0,219.0,426.0,184.0,1197.0
213,申请时点_5mean_y,0.03300443842062509,0.00031495063285324484,0.0012167763,81,214.0,319.0,430.0,236.0,1199.0
463,申请周内日_0mean_x,0.009222208325334946,0.0005965455360244405,0.0013533942000000002,421,464.0,248.0,402.0,86.0,1200.0
24,首付月数max_y,0.0762988761843198,0.0011589152052123182,0.0,0,23.0,173.0,479.0,525.0,1200.0
439,产品组合_4.0mean_x,0.010626642623141974,4.974873742482653e-05,0.0024565114000000003,96,440.0,457.0,91.0,213.0,1201.0
484,获客渠道_5mean_x,0.008172560050471664,0.0008786437960047222,0.0012952659,345,485.0,205.0,413.0,98.0,1201.0
272,申请周内日_7mean_y,0.02559041607120161,0.0002097131923354044,0.0014507191,109,273.0,364.0,364.0,205.0,1206.0
73,付款方式_0sum_y,0.05594775730449359,0.00028576334733106557,0.0011266005000000001,21,74.0,326.0,444.0,362.0,1206.0
260,组合类型_4sum_x,0.027473124075415363,0.0003610336104861853,0.0015946047,30,261.0,303.0,310.0,333.0,1207.0
68,产品类型_0sum_y,0.05756313651157894,0.00019252729940710052,0.0012739302,24,69.0,371.0,417.0,351.0,1208.0
29,利率2min_y,0.07629887618426602,0.0010801367786399134,0.0,0,29.0,176.0,479.0,525.0,1209.0
331,行业_2sum_x,0.02031521785605244,0.0006147131708658974,0.0012449883,95,332.0,240.0,424.0,216.0,1212.0
26,首付时间max_y,0.07629887618431974,0.0010526327443699506,0.0,0,26.0,182.0,479.0,525.0,1212.0
99,收益级别_4sum_y,0.05119693376564157,0.0002202245900483692,0.0014582706,13,100.0,357.0,360.0,402.0,1219.0
271,申请时点_7mean_y,0.025689927747295283,0.00019052089414914368,0.0015822883,63,272.0,372.0,314.0,261.0,1219.0
504,贷款类型_0mean_x,0.006953057517087953,0.0008674811128084562,0.0014188185,215,505.0,208.0,377.0,130.0,1220.0
568,申请时点_7mean_x,0.004910929418961644,0.000805590753716999,0.0014183463000000001,614,569.0,215.0,378.0,59.0,1221.0
378,社交圈违约信息2sum,0.014866357287267176,0.000442262959858476,0.001399406,132,378.0,278.0,386.0,180.0,1222.0
453,申请人是否额外提供了文件7,0.009886676286939736,6.91509521541414e-05,0.0021319238000000003,123,454.0,438.0,142.0,191.0,1225.0
269,产品组合_8.0mean_y,0.025872423996999717,0.00011175664821336148,0.0018862135,27,270.0,413.0,204.0,338.0,1225.0
358,收入类型_1,0.016803180899731734,0.00046066277278546846,0.0013706514000000002,119,359.0,273.0,397.0,196.0,1225.0
553,历史贷款授信距本次申请月数max_x,0.005218989381878793,0.0013958578284368685,0.0014112479000000001,211,554.0,163.0,379.0,132.0,1228.0
138,获客渠道_0mean_y,0.04284293141544725,0.00013138565573413114,0.0016834715,9,139.0,400.0,275.0,420.0,1234.0
97,申请周内日_5sum_y,0.051473079232460216,0.00012176827495521766,0.0015959932999999999,8,98.0,404.0,309.0,427.0,1238.0
23,首付月数mean_y,0.0762988761843198,0.0008398904996833362,0.0,0,23.0,211.0,479.0,525.0,1238.0
391,社交圈违约信息1sum,0.014156639767239718,0.0005226428710094964,0.0013930693,117,391.0,260.0,388.0,199.0,1238.0
555,申请周内日,0.0051918981894885675,0.0009143745736205928,0.0011962365,676,556.0,196.0,433.0,56.0,1241.0
87,有居住信息3,0.05321200594691474,0.0010742809082537382,0.0006907655,1,88.0,177.0,474.0,505.0,1244.0
372,产品组合_4.0mean_y,0.015344481415208541,0.00016084285623285547,0.0019757247,39,373.0,385.0,177.0,311.0,1246.0
435,陪同申请人_7.0,0.01081816818339838,0.0001387141941243656,0.0018639822,108,436.0,396.0,209.0,206.0,1247.0
154,首付率min_y,0.040621490925710116,0.00028522270200250085,0.0011403105,36,155.0,328.0,442.0,322.0,1247.0
142,地址是否一致标志4,0.04242543102746052,0.00028544514475213216,0.0009124555,38,143.0,327.0,463.0,315.0,1248.0
243,产品类型_2mean_y,0.02911358874925377,0.0002451670245567661,0.0014038869000000001,50,244.0,343.0,383.0,288.0,1258.0
148,产品组合_5.0sum_y,0.0415076316372001,0.00011357281271527083,0.0019982117,0,149.0,410.0,174.0,525.0,1258.0
224,收益级别_0sum_x,0.03160237128167062,0.00043929087953248054,0.0010665527000000001,45,225.0,280.0,453.0,303.0,1261.0
165,贷款类型_1sum_x,0.03867856770574751,0.00032507662541834514,0.0012145429,24,166.0,314.0,431.0,351.0,1262.0
390,社交圈违约信息1mean,0.014156639767239718,0.0004758182149886509,0.0019418556,9,391.0,266.0,185.0,420.0,1262.0
278,社交圈违约信息1_1,0.024870979849956003,3.7395780403665895e-05,0.0019233376999999998,34,279.0,470.0,192.0,327.0,1268.0
32,利率1min_y,0.07629887618406328,0.0006295598425069519,0.0,0,32.0,234.0,479.0,525.0,1270.0
114,申请周内日_6sum_y,0.047131690661109865,0.00011808146870187332,0.0014087906,19,115.0,406.0,381.0,369.0,1271.0
320,产品组合_10.0sum_x,0.02137074578096267,0.00039836520109978567,0.0010183133,110,321.0,291.0,458.0,203.0,1273.0
592,申请周内日_3mean_x,0.004136037960419878,0.0006034389330474199,0.001444241,553,593.0,242.0,369.0,70.0,1274.0
250,产品组合_8.0sum_y,0.02844263494397851,4.430624791953109e-05,0.0023109328,5,251.0,465.0,109.0,450.0,1275.0
371,教育程度_3,0.015697488973769998,5.3158565815830795e-05,0.0026834796,18,372.0,455.0,71.0,379.0,1277.0
483,组合类型_2mean_x,0.008190976273453034,0.0008596996083097455,0.0009115147400000001,230,484.0,209.0,464.0,121.0,1278.0
407,获客渠道_4sum_x,0.012168223977864405,0.0004289640069536645,0.001371035,122,408.0,283.0,396.0,193.0,1280.0
429,获客渠道_2mean_x,0.0110607813776485,1.0657742210960963e-05,0.0030528477000000003,51,430.0,514.0,52.0,287.0,1283.0
235,贷款用途_20mean_y,0.02989050607345215,5.625953058570264e-05,0.0018219948,18,236.0,450.0,224.0,379.0,1289.0
359,申请周内日_4sum_x,0.01677168835654724,0.0004417399629389504,0.0012181927000000001,85,360.0,279.0,428.0,226.0,1293.0
27,首付时间mean_y,0.07629887618431974,0.00040705229822063724,0.0,0,26.0,288.0,479.0,525.0,1318.0
25,首付时间min_y,0.07629887618431974,0.0003724365435605628,0.0,0,26.0,295.0,479.0,525.0,1325.0
611,陪同申请人_6.0mean_x,0.0036474865164926366,0.0002417730536620895,0.0017999093,190,612.0,345.0,230.0,138.0,1325.0
91,产品组合_0.0sum_y,0.05287568389769719,0.00022529311531884976,0.0013636083,3,92.0,356.0,398.0,479.0,1325.0
109,申请周内日_0sum_y,0.0487684777207914,0.0001251226516046097,0.0013566284,10,110.0,402.0,399.0,415.0,1326.0
347,组合类型_2sum_x,0.01783157079705724,0.00041542904656206566,0.0012529482,57,348.0,285.0,422.0,274.0,1329.0
738,产品组合_10.0mean_x,0.0010872125070119731,0.0009201741145913932,0.0016187797000000001,357,739.0,195.0,301.0,95.0,1330.0
569,贷款用途_24mean_x,0.004908698812956246,0.0009121243132845004,0.0011563928999999999,216,570.0,197.0,439.0,128.0,1334.0
462,获客渠道_2mean_y,0.00923076900328083,6.022892220173234e-05,0.0023935516,32,463.0,446.0,99.0,330.0,1338.0
546,产品类型_0sum_x,0.005421688668511079,0.0009029277069971133,0.0012921555,132,547.0,199.0,416.0,180.0,1342.0
377,社交圈违约信息2mean,0.014866357287267176,0.0005451173875146212,0.0015617495999999999,15,378.0,254.0,323.0,393.0,1348.0
219,申请时点_8sum_y,0.03213970189516434,7.219646085311615e-05,0.0017713743,5,220.0,436.0,242.0,450.0,1348.0
22,首付月数min_y,0.0762988761843198,0.00030750670578661115,0.0,0,23.0,321.0,479.0,525.0,1348.0
419,陪同申请人_1.0,0.011564441487972024,0.00011938784104741747,0.0017264669,61,420.0,405.0,260.0,265.0,1350.0
322,申请周内日_3mean_y,0.02121913075650773,7.162112302365315e-05,0.001547016,62,323.0,437.0,328.0,263.0,1351.0
349,申请时点_4sum_x,0.017756199201585554,0.00028495225951010437,0.0014064157,49,350.0,329.0,382.0,294.0,1355.0
33,利率1max_y,0.07629887618406328,0.00031070957095333696,0.0,0,32.0,320.0,479.0,525.0,1356.0
123,获客渠道_0sum_y,0.04526610345932243,0.0001894729088172895,0.0012170325,7,124.0,373.0,429.0,432.0,1358.0
471,产品组合_7.0sum_y,0.00881210743068158,0.00017351714931268156,0.0025840760000000003,7,472.0,379.0,80.0,432.0,1363.0
530,合同状态_3mean_x,0.005875605762951535,0.00017821246517873992,0.0018707301000000002,74,531.0,378.0,207.0,247.0,1363.0
199,产品组合_6.0mean_y,0.034220755465180365,0.00015976246977990024,0.0015232181,6,200.0,386.0,337.0,441.0,1364.0
466,申请时点_6sum_x,0.009136521841940365,0.0004132807194756473,0.0011605234,137,467.0,286.0,438.0,174.0,1365.0
174,获客渠道_4sum_y,0.03796233319698215,0.000156800738337063,0.001307009,15,175.0,387.0,411.0,393.0,1366.0
177,申请人是否额外提供了文件9,0.03750056163136309,0.00028188108356024953,0.0,18,178.0,332.0,479.0,379.0,1368.0
300,产品组合_3.0sum_x,0.023461458605495613,0.00026337024809554315,0.0016486606,6,301.0,338.0,292.0,441.0,1372.0
596,贷款用途_24sum_x,0.004046693541308225,0.0005015836179751239,0.0017834402,55,597.0,264.0,237.0,278.0,1376.0
232,组合类型_0mean_y,0.030376605472023033,0.00022742161457992228,0.0011369303,25,233.0,354.0,443.0,348.0,1378.0
426,申请周内日_4mean_y,0.011237808497976851,5.672586991764061e-05,0.0019410109,37,427.0,449.0,186.0,320.0,1382.0
340,贷款用途_16mean_x,0.01850429589566008,5.39017982138603e-05,0.0020348153,8,341.0,452.0,164.0,427.0,1384.0
301,获客渠道_0sum_x,0.023458339628842816,9.596947315266584e-05,0.0018583278,5,302.0,424.0,210.0,450.0,1386.0
341,贷款申请前1个月内征信查询次数,0.01845206202476401,0.00013900668163148558,0.0007955487,130,342.0,395.0,470.0,183.0,1390.0
421,产品组合_1.0mean_y,0.011436210880012088,8.994612932769483e-05,0.0019056585000000001,25,422.0,426.0,198.0,348.0,1394.0
144,有居住信息1,0.04194754945936436,0.0005993762086252344,0.0,0,145.0,245.0,479.0,525.0,1394.0
304,客户类型_0sum_y,0.0231881553575926,2.294728773483115e-05,0.0024453984,1,305.0,491.0,94.0,505.0,1395.0
472,申请周内日_3sum_x,0.008801213701325908,0.0003203577347105353,0.0014003429999999999,87,473.0,316.0,385.0,224.0,1398.0
326,贷款用途_16mean_y,0.020982897338008503,4.9155424684526863e-05,0.0021889773,2,327.0,458.0,125.0,491.0,1401.0
380,产品组合_14.0sum_x,0.014788679030803324,0.0004546899959654789,0.0011987394,38,381.0,275.0,432.0,315.0,1403.0
383,陪同申请人_6.0mean_y,0.014715699721100237,9.323075416382922e-06,0.0021389853,20,384.0,518.0,140.0,366.0,1408.0
318,产品组合_8.0sum_x,0.021626078358575718,0.0003326534334386324,0.0010891422999999999,27,319.0,310.0,449.0,338.0,1416.0
339,产品组合_2.0sum_x,0.01854615191941937,0.0002655047340775435,0.0014111685000000001,21,340.0,336.0,380.0,362.0,1418.0
237,贷款类型_Asum_y,0.02984856961963375,6.532617246167879e-05,0.0015394845000000002,10,238.0,443.0,330.0,415.0,1426.0
678,申请周内日_6mean_x,0.002175313999954011,0.0006183223008873142,0.0012421717,426,679.0,238.0,425.0,85.0,1427.0
294,利率2mean_x,0.023731684320770483,0.00014563176530726202,0.0018091525,0,295.0,390.0,228.0,525.0,1438.0
765,首付率min_x,0.0004524577366732536,0.0007010422559385947,0.0015175584,274,766.0,228.0,340.0,109.0,1443.0
120,申请周内日_1sum_y,0.04601366156773205,8.646596687918166e-05,0.0009628197300000001,7,121.0,428.0,462.0,432.0,1443.0
448,商品类别_19sum_x,0.010210852336464704,0.00043316681846838136,0.0012933316,45,449.0,282.0,414.0,303.0,1448.0
149,申请周内日_7sum_y,0.04150214519862255,7.987428736591913e-05,0.0007651072,14,150.0,432.0,471.0,397.0,1450.0
281,职业_10.0,0.02465949317283721,0.00016669064817632093,0.0010591182,29,282.0,381.0,455.0,334.0,1452.0
477,获客渠道_7mean_y,0.008655974420353455,3.866621933915089e-05,0.002119734,21,478.0,469.0,145.0,362.0,1454.0
145,产品组合_3.0sum_y,0.04191291154850479,0.0001371980191868018,0.0,7,146.0,398.0,479.0,432.0,1455.0
175,有居住信息2,0.037790924896415466,0.0003305689112378622,0.0,2,176.0,312.0,479.0,491.0,1458.0
415,商品类别_6mean_x,0.011763364521208056,0.00014163111713994962,0.0014578925,49,416.0,394.0,361.0,294.0,1465.0
298,利率1mean_x,0.023562488813453183,8.066661139384941e-05,0.0010687055,52,299.0,431.0,452.0,284.0,1466.0
670,商品类别_5mean_x,0.0024229635487530155,0.0002910104495899601,0.0014651332,256,671.0,324.0,357.0,115.0,1467.0
432,行业_10sum_x,0.010947714552105293,0.0004680338911697707,0.0010690562,37,433.0,270.0,451.0,320.0,1474.0
157,申请时点_7sum_y,0.040159058656589926,8.272298822251753e-05,0.0011723597,5,158.0,430.0,437.0,450.0,1475.0
414,商品类别_5mean_y,0.011811970279288918,2.0176887771879533e-05,0.002051885,12,415.0,498.0,160.0,404.0,1477.0
346,客户类型_0mean_y,0.017840898606056636,5.0425269104894624e-05,0.0016047471,19,347.0,456.0,307.0,369.0,1479.0
499,陪同申请人_6.0sum_x,0.007136235701412631,0.00010116301359585936,0.0019178769,20,500.0,419.0,194.0,366.0,1479.0
403,行业_4mean_y,0.012348381196866872,0.0002300896922783855,0.0013867867000000001,28,404.0,351.0,391.0,335.0,1481.0
299,贷款用途_21sum_x,0.02351028063240881,7.790871833897476e-06,0.0021552977,0,300.0,523.0,133.0,525.0,1481.0
374,组合类型_3mean_y,0.015251210760091215,0.0003243351003191202,0.0011499975,23,375.0,315.0,441.0,356.0,1487.0
354,申请时点_2mean_x,0.017281818942010932,3.203445982047443e-05,0.0017504225,11,355.0,474.0,249.0,409.0,1487.0
324,陪同申请人_6.0sum_y,0.021109680546481505,5.041039870333274e-06,0.0021853382000000003,1,325.0,531.0,126.0,505.0,1487.0
252,商品类别_4sum_x,0.02825467317916505,0.00023409403826968095,0.0,11,253.0,349.0,479.0,409.0,1490.0
311,产品组合_10.0sum_y,0.022031258903463868,2.0426913499440334e-05,0.0019244967000000002,2,312.0,497.0,190.0,491.0,1490.0
348,申请时点_8mean_y,0.017772575736398278,0.00011767605585435119,0.0009935298,56,349.0,407.0,461.0,277.0,1494.0
514,是否有房,0.006619274370002303,0.00016248155212542293,0.001455806,82,515.0,384.0,363.0,233.0,1495.0
282,居住状态_4,0.024579679957669798,9.035364860810012e-06,0.0017349620999999999,6,283.0,519.0,254.0,441.0,1497.0
327,贷款用途_21mean_y,0.020968468475417515,8.113284877860088e-06,0.0017723198000000001,11,328.0,521.0,241.0,409.0,1499.0
366,获客渠道_7sum_y,0.01600238227236815,2.9373581622477446e-05,0.0019512981,3,367.0,477.0,181.0,479.0,1504.0
303,产品组合_14.0sum_y,0.023303032692161375,2.7837060533527167e-05,0.0018469326000000001,1,304.0,483.0,215.0,505.0,1507.0
573,获客渠道_5sum_x,0.004637837676343705,0.0005127552411184819,0.0010534560000000001,95,574.0,261.0,456.0,216.0,1507.0
110,组合类型_0sum_y,0.04871080448095088,5.3797212705358034e-05,0.0,4,111.0,453.0,479.0,464.0,1507.0
233,产品组合_13.0sum_x,0.030243225475222874,0.0001510939015157795,0.0,11,234.0,388.0,479.0,409.0,1510.0
363,孩子个数,0.01637185113939106,0.00011732317889510025,0.0009043344,57,364.0,408.0,466.0,274.0,1512.0
248,行业_1sum_x,0.028650716933314762,0.00023697850711862882,0.0,6,249.0,347.0,479.0,441.0,1516.0
492,陪同申请人_1.0mean_y,0.007562941323439953,0.00012366543353149146,0.0016564638,28,493.0,403.0,288.0,335.0,1519.0
288,申请周内日_4sum_y,0.0240851050570566,2.5855631678682267e-05,0.0016276657999999998,5,289.0,486.0,298.0,450.0,1523.0
789,商品类别_2mean_x,2.9564178166501697e-05,0.0003379091645082457,0.0015712504,276,790.0,309.0,318.0,108.0,1525.0
296,利率2max_x,0.023681447349976733,0.0001627413180407225,0.0015643489000000002,0,297.0,383.0,321.0,525.0,1526.0
373,商品类别_2sum_x,0.015310624951290147,0.00014399035692849453,0.0011089641,38,374.0,391.0,446.0,315.0,1526.0
319,申请时点_2sum_y,0.021416689432745918,0.0,0.0021289163,0,320.0,544.0,144.0,525.0,1533.0
728,申请时点_5sum_x,0.0012214639229817632,0.0004093110700042041,0.0015342451,127,729.0,287.0,333.0,187.0,1536.0
140,申请周内日_3sum_y,0.042510484381075804,8.907529733225156e-05,0.0,2,141.0,427.0,479.0,491.0,1538.0
188,产品组合_6.0sum_y,0.03606528670832492,8.43674625009958e-05,0.0011912166000000001,2,189.0,429.0,436.0,491.0,1545.0
795,合同状态_1sum_y,0.0,0.0,0.0,0,0.0,544.0,479.0,525.0,1548.0
791,合同状态_2sum_x,0.0,0.0,0.0,0,0.0,544.0,479.0,525.0,1548.0
793,合同状态_0sum_y,0.0,0.0,0.0,0,0.0,544.0,479.0,525.0,1548.0
796,合同状态_1mean_y,0.0,0.0,0.0,0,0.0,544.0,479.0,525.0,1548.0
792,合同状态_2mean_x,0.0,0.0,0.0,0,0.0,544.0,479.0,525.0,1548.0
798,合同状态_3mean_y,0.0,0.0,0.0,0,0.0,544.0,479.0,525.0,1548.0
797,合同状态_3sum_y,0.0,0.0,0.0,0,0.0,544.0,479.0,525.0,1548.0
794,合同状态_0mean_y,0.0,0.0,0.0,0,0.0,544.0,479.0,525.0,1548.0
800,商品类别_1mean_y,0.0,0.0,0.0,0,0.0,544.0,479.0,525.0,1548.0
799,商品类别_1sum_y,0.0,0.0,0.0,0,0.0,544.0,479.0,525.0,1548.0
293,利率1min_x,0.023731705951106446,0.0004590723230827173,0.0,1,294.0,274.0,479.0,505.0,1552.0
297,行业_4sum_y,0.02366529791369809,5.3210261689056736e-05,0.0013410446,12,298.0,454.0,404.0,404.0,1560.0
28,利率2mean_y,0.07629887618426602,4.24175324310387e-06,0.0,0,29.0,536.0,479.0,525.0,1569.0
449,职业_1.0,0.010131245996827815,0.0,0.0020757292,8,450.0,544.0,154.0,427.0,1575.0
445,陪同申请人_4.0mean_x,0.010249452938123805,3.653408971456373e-06,0.002077827,6,446.0,538.0,153.0,441.0,1578.0
455,行业_6mean_x,0.009864135917320641,7.514159153350613e-05,0.0013111270999999999,54,456.0,435.0,409.0,281.0,1581.0
602,职业_8.0,0.003839301408498439,0.0003048004538058154,0.0014339122,52,603.0,322.0,373.0,284.0,1582.0
507,商品类别_25mean_x,0.006838719554749671,5.220699166490185e-06,0.0030426865000000003,2,508.0,530.0,54.0,491.0,1583.0
258,组合类型_3sum_y,0.027770544529247505,0.0001005164163057004,0.0,7,259.0,420.0,479.0,432.0,1590.0
768,申请周内日_5sum_x,0.00039439033127100466,0.00026678626867418504,0.0017208613,84,769.0,335.0,263.0,229.0,1596.0
615,教育程度_2,0.0035530271977310905,2.858239877210142e-05,0.001744243,60,616.0,481.0,252.0,271.0,1620.0
329,行业_3sum_x,0.020780666818368425,6.624597690495408e-05,0.0,19,330.0,442.0,479.0,369.0,1620.0
396,职业_2.0,0.013550279426119421,6.020857895299003e-06,0.0018697429999999999,2,397.0,525.0,208.0,491.0,1621.0
364,申请时点_2mean_y,0.016300930562179874,3.0711308143538614e-06,0.0019233722,0,365.0,541.0,191.0,525.0,1622.0
434,申请时点_10mean_x,0.010847101249164059,0.00010502355178473077,0.0,48,435.0,415.0,479.0,299.0,1628.0
469,商品类别_5sum_x,0.009014220199917348,0.0002148148478027623,0.00039102184000000003,35,470.0,360.0,478.0,325.0,1633.0
694,收益级别_2sum_y,0.0018585092159356727,0.0001114393194383417,0.002319881,9,695.0,414.0,108.0,420.0,1637.0
540,产品组合_5.0mean_x,0.0055871962255023225,9.738780983888929e-05,0.0014345512,45,541.0,422.0,372.0,303.0,1638.0
451,申请时点_10sum_x,0.009946252485276677,3.2175353186521204e-05,0.001616037,10,452.0,473.0,302.0,415.0,1642.0
563,商品类别_2mean_y,0.005020887760618786,2.0430914388537092e-05,0.0025942603,1,564.0,496.0,78.0,505.0,1643.0
442,产品组合_10.0mean_y,0.010534253813204771,7.959449048402583e-05,0.0013923695999999998,18,443.0,433.0,389.0,379.0,1644.0
764,申请周内日_0sum_x,0.0004638568184902007,0.00027907488936600676,0.0016348449,61,765.0,333.0,296.0,265.0,1659.0
405,产品组合_14.0mean_y,0.012294975685184364,7.582171347445243e-05,0.0012472486999999999,14,406.0,434.0,423.0,397.0,1660.0
704,地址是否一致标志3,0.0016479174445131605,2.8239607243280872e-05,0.0023672697,19,705.0,482.0,105.0,369.0,1661.0
186,贷款用途_20sum_y,0.0361353462902163,2.934252152533501e-05,0.00063427544,0,187.0,478.0,475.0,525.0,1665.0
639,申请周内日_6sum_x,0.003085596991283639,0.00031803982942150164,0.0011224314999999999,61,640.0,318.0,445.0,265.0,1668.0
743,商品类别_22mean_x,0.0010141491561208886,0.00011551380043256955,0.0016646851000000002,77,744.0,409.0,286.0,241.0,1680.0
780,首付时间min_x,0.0001885424868058644,0.00036772779131569134,0.0014697497,68,781.0,296.0,354.0,256.0,1687.0
360,商品类别_6sum_x,0.016738086690625497,5.5240758291659044e-05,0.0011958063,6,361.0,451.0,434.0,441.0,1687.0
486,获客渠道_6mean_y,0.008052910858156508,2.401818174094233e-05,0.0016423357,9,487.0,490.0,294.0,420.0,1691.0
606,居住状态_2,0.003738510496218153,2.2091615997646872e-05,0.0019227957000000002,12,607.0,493.0,193.0,404.0,1697.0
231,贷款用途_16sum_y,0.030498694908189294,1.9980395641956376e-05,0.0,2,232.0,499.0,479.0,491.0,1701.0
691,产品组合_12.0mean_y,0.0019144882624201546,2.8715367757376454e-05,0.0026616053999999997,4,692.0,479.0,73.0,464.0,1708.0
394,商品类别_19mean_y,0.013994019489939544,9.052788397808921e-05,0.0,10,395.0,425.0,479.0,415.0,1714.0
581,产品组合_16.0mean_x,0.004382324891183979,0.00010417875880661954,0.0012258473,50,582.0,417.0,427.0,288.0,1714.0
597,产品组合_16.0sum_x,0.003968326379988462,4.38182350318658e-05,0.002055692,2,598.0,467.0,158.0,491.0,1714.0
290,利率2min_x,0.023905360334974424,9.78163883054092e-05,0.0,0,291.0,421.0,479.0,525.0,1716.0
400,客户类型_1mean_y,0.0125492005509124,4.3153964504054306e-05,0.0012679105,7,401.0,468.0,419.0,432.0,1720.0
468,产品组合_1.0sum_x,0.009091405621021485,0.0001429661424786611,0.0011525902999999999,8,469.0,392.0,440.0,427.0,1728.0
314,陪同申请人_1.0sum_y,0.021881111270097342,3.1964030310077345e-05,0.0010179615,3,315.0,475.0,459.0,479.0,1728.0
276,商品类别_19sum_y,0.02504289761504498,2.8659351467181047e-05,0.0,1,277.0,480.0,479.0,505.0,1741.0
236,贷款用途_21sum_y,0.029888397328455614,1.8610203594902066e-05,0.0,0,237.0,501.0,479.0,525.0,1742.0
291,产品组合_4.0sum_y,0.0237603273839594,1.3573134684106907e-05,0.0,4,292.0,508.0,479.0,464.0,1743.0
496,有车时间月数,0.0071835802073749325,5.995452204963894e-06,0.0018356398,1,497.0,526.0,220.0,505.0,1748.0
721,申请周内日_1sum_x,0.0013590085350142947,0.0002689132003609222,0.0013065846000000002,53,722.0,334.0,412.0,282.0,1750.0
283,产品组合_1.0sum_y,0.024551685188206676,2.7255938273101306e-05,0.0,1,284.0,484.0,479.0,505.0,1752.0
682,产品组合_7.0mean_y,0.002142738195090916,0.0005097578095788858,0.0,33,683.0,263.0,479.0,328.0,1753.0
520,申请时点_9mean_y,0.006370733259844172,4.73536469827062e-05,0.001478235,9,521.0,461.0,352.0,420.0,1754.0
306,利率1max_x,0.02281826461207676,5.880715925720283e-05,0.0,0,307.0,447.0,479.0,525.0,1758.0
423,产品组合_4.0sum_x,0.01134341815492768,4.8373654258641105e-05,0.0,14,424.0,459.0,479.0,397.0,1759.0
744,贷款类型_0sum_x,0.0009861513093990628,0.000403851990095544,0.0011029579,50,745.0,290.0,448.0,288.0,1771.0
698,产品组合_11.0mean_y,0.0017932056937247426,4.6377993953182394e-05,0.0021004947,4,699.0,463.0,147.0,464.0,1773.0
343,贷款用途_20mean_x,0.01816422115071569,1.6051530322010917e-05,0.0,5,344.0,503.0,479.0,450.0,1776.0
500,陪同申请人_5.0mean_x,0.007029606898453424,6.820531349805322e-05,0.0,22,501.0,439.0,479.0,359.0,1778.0
525,贷款用途_17mean_x,0.006148150614571948,0.0,0.0019429456,0,526.0,544.0,184.0,525.0,1779.0
428,职业_11.0,0.01111147589722528,2.058004347530556e-05,0.0,18,429.0,494.0,479.0,379.0,1781.0
679,申请周内日_7sum_x,0.002161955742446917,0.00025264065914149057,0.0007317545,47,680.0,340.0,472.0,300.0,1792.0
323,商品类别_5sum_y,0.021126274079218976,2.2647252714389412e-05,0.0,1,324.0,492.0,479.0,505.0,1800.0
351,贷款用途_21mean_x,0.017698967690865604,1.4896391979103113e-05,0.0,4,352.0,507.0,479.0,464.0,1802.0
740,获客渠道_2sum_y,0.0010774771588670518,2.4893914919143187e-05,0.0025136725,1,741.0,488.0,88.0,505.0,1822.0
342,贷款用途_16sum_x,0.01835894415980451,8.322775323797591e-06,0.00088737474,2,343.0,520.0,468.0,491.0,1822.0
393,申请时点_2sum_x,0.014038471469902643,3.674712054154909e-05,0.0,3,394.0,472.0,479.0,479.0,1824.0
365,申请时点_9sum_y,0.016268537366625306,9.56124640887325e-06,0.0,4,366.0,517.0,479.0,464.0,1826.0
325,客户类型_1sum_y,0.0210610226713661,1.2277618547511e-05,0.00086148,0,326.0,509.0,469.0,525.0,1829.0
607,是否提供email,0.003702448748704265,6.706114529777365e-05,0.0013722798000000002,16,608.0,441.0,395.0,388.0,1832.0
424,行业_6sum_x,0.011331800835669687,3.7271164852241744e-05,0.0,4,425.0,471.0,479.0,464.0,1839.0
333,职业_17.0,0.020222919814481724,1.601163437525321e-05,0.0,0,334.0,504.0,479.0,525.0,1842.0
510,地址是否一致标志1,0.006773518805808242,4.803899998275397e-05,0.0,15,511.0,460.0,479.0,393.0,1843.0
337,贷款用途_20sum_x,0.01936444899198579,6.636570695865209e-06,0.0,1,338.0,524.0,479.0,505.0,1846.0
490,商品类别_22sum_x,0.007717685722463751,4.424368009259166e-05,0.0,9,491.0,466.0,479.0,420.0,1856.0
757,贷款申请前1周内征信查询次数,0.0006863396206323368,1.8745819496627697e-05,0.0017517139,22,758.0,500.0,248.0,359.0,1865.0
629,合同状态_3sum_x,0.003292173217182054,6.238466396283921e-05,0.0014651712,6,630.0,445.0,356.0,441.0,1872.0
355,获客渠道_6sum_y,0.017269787501891037,5.018811923515241e-06,0.0,1,356.0,532.0,479.0,505.0,1872.0
416,商品类别_7sum_y,0.011671875527867463,1.1736477109931586e-05,0.0,3,417.0,511.0,479.0,479.0,1886.0
399,贷款用途_17sum_x,0.013061639000271495,0.0,0.0,4,400.0,544.0,479.0,464.0,1887.0
676,贷款申请前1天内征信查询次数,0.0022409313523524413,0.0,0.0018285351,5,677.0,544.0,222.0,450.0,1893.0
425,获客渠道_2sum_x,0.011249814925861577,4.986544468716305e-06,0.0,4,426.0,534.0,479.0,464.0,1903.0
517,产品组合_5.0sum_x,0.006518705626178796,4.698562397969507e-05,0.00059914606,5,518.0,462.0,476.0,450.0,1906.0
362,贷款用途_17sum_y,0.0164625529498598,0.0,0.0,0,363.0,544.0,479.0,525.0,1911.0
369,贷款用途_0sum_y,0.015766152268472527,0.0,0.0,0,370.0,544.0,479.0,525.0,1918.0
494,陪同申请人_5.0,0.007428739066407337,0.0,0.0,12,495.0,544.0,479.0,404.0,1922.0
749,产品组合_15.0mean_x,0.0008792236183375154,0.00010464919960696978,0.0,50,750.0,416.0,479.0,288.0,1933.0
392,贷款用途_7sum_y,0.014090856660665738,0.0,0.0,0,393.0,544.0,479.0,525.0,1941.0
420,商品类别_17sum_x,0.011553954421372602,9.966150343264586e-06,0.0,0,421.0,516.0,479.0,525.0,1941.0
395,贷款用途_7mean_y,0.013554010567623028,0.0,0.0,0,396.0,544.0,479.0,525.0,1944.0
397,贷款用途_6sum_y,0.013527699152497906,0.0,0.0,0,398.0,544.0,479.0,525.0,1946.0
398,贷款用途_14sum_x,0.01341490225752137,0.0,0.0,0,399.0,544.0,479.0,525.0,1947.0
402,贷款用途_0mean_y,0.01244560789270142,0.0,0.0,0,403.0,544.0,479.0,525.0,1951.0
404,贷款用途_11mean_y,0.012316078688580609,0.0,0.0,0,405.0,544.0,479.0,525.0,1953.0
508,地址是否一致标志5,0.006834351946672428,5.007291839371405e-06,0.0,7,509.0,533.0,479.0,432.0,1953.0
406,贷款用途_9sum_y,0.012186138389333306,0.0,0.0,0,407.0,544.0,479.0,525.0,1955.0
417,商品类别_17mean_x,0.0116498128722289,4.566072768275978e-06,0.0,0,418.0,535.0,479.0,525.0,1957.0
645,产品组合_15.0sum_x,0.002949382538630368,2.441325371996985e-05,0.0014586397,4,646.0,489.0,359.0,464.0,1958.0
409,贷款用途_18sum_y,0.01201860166358379,0.0,0.0,0,410.0,544.0,479.0,525.0,1958.0
422,申请时点_1sum_y,0.011395003417923507,0.0,0.0,0,423.0,544.0,479.0,525.0,1971.0
427,贷款用途_14sum_y,0.011168905692339493,0.0,0.0,0,428.0,544.0,479.0,525.0,1976.0
511,行业_0mean_x,0.006741127336038054,7.893101545307414e-06,0.0,4,512.0,522.0,479.0,464.0,1977.0
677,陪同申请人_6.0,0.002237976094650119,1.085160227949088e-05,0.0,42,678.0,513.0,479.0,308.0,1978.0
430,贷款用途_14mean_x,0.011057344887051195,0.0,0.0,0,431.0,544.0,479.0,525.0,1979.0
433,商品类别_21sum_x,0.010921344338602748,0.0,0.0,0,434.0,544.0,479.0,525.0,1982.0
437,申请时点_1mean_y,0.01067766549980117,0.0,0.0,0,438.0,544.0,479.0,525.0,1986.0
438,贷款用途_6mean_y,0.010630591171987471,0.0,0.0,0,439.0,544.0,479.0,525.0,1987.0
446,贷款用途_7sum_x,0.0102396993106343,0.0,0.0,0,447.0,544.0,479.0,525.0,1995.0
447,商品类别_16sum_y,0.010228769200053604,0.0,0.0,0,448.0,544.0,479.0,525.0,1996.0
529,陪同申请人_0.0mean_y,0.005881335972252257,1.1082044679297976e-05,0.00091046136,2,530.0,512.0,465.0,491.0,1998.0
450,贷款用途_17mean_y,0.009985046154050313,0.0,0.0,0,451.0,544.0,479.0,525.0,1999.0
454,商品类别_2sum_y,0.00987669807078019,2.5996371774103143e-06,0.0,0,455.0,542.0,479.0,525.0,2001.0
502,商品类别_13mean_x,0.006983869226434697,2.0518371960990382e-05,0.0,0,503.0,495.0,479.0,525.0,2002.0
457,职业_18.0,0.009749727773370987,0.0,0.0,0,458.0,544.0,479.0,525.0,2006.0
459,行业_0sum_y,0.009529811453136158,0.0,0.0,0,460.0,544.0,479.0,525.0,2008.0
460,商品类别_13sum_x,0.009522411635113451,0.0,0.0,0,461.0,544.0,479.0,525.0,2009.0
461,商品类别_24sum_x,0.009352713459161029,0.0,0.0,0,462.0,544.0,479.0,525.0,2010.0
554,居住状态_3,0.005216555468119798,3.7502214593892893e-06,0.0,6,555.0,537.0,479.0,441.0,2012.0
464,产品组合_16.0sum_y,0.00921574723139953,0.0,0.0,0,465.0,544.0,479.0,525.0,2013.0
465,贷款用途_14mean_y,0.009146815908260608,0.0,0.0,0,466.0,544.0,479.0,525.0,2014.0
467,商品类别_24mean_x,0.009125284384657482,0.0,0.0,0,468.0,544.0,479.0,525.0,2016.0
562,商品类别_3mean_x,0.0050259396861464965,0.0,0.0,7,563.0,544.0,479.0,432.0,2018.0
501,商品类别_22sum_y,0.006992413195617835,1.0204811708372301e-05,0.0,0,502.0,515.0,479.0,525.0,2021.0
474,贷款用途_10sum_y,0.008726524212110284,0.0,0.0,0,475.0,544.0,479.0,525.0,2023.0
475,产品组合_15.0sum_y,0.008709021499519905,0.0,0.0,0,476.0,544.0,479.0,525.0,2024.0
479,贷款用途_11mean_x,0.008539056454509343,0.0,0.0,0,480.0,544.0,479.0,525.0,2028.0
480,贷款用途_10mean_y,0.008401332595903538,0.0,0.0,0,481.0,544.0,479.0,525.0,2029.0
497,行业_0sum_x,0.0071799840396909375,5.912581177857374e-06,0.0,0,498.0,527.0,479.0,525.0,2029.0
482,贷款用途_11sum_y,0.008206950813378949,0.0,0.0,0,483.0,544.0,479.0,525.0,2031.0
518,商品类别_12sum_x,0.0064974037420158495,0.0,0.0,2,519.0,544.0,479.0,491.0,2033.0
485,贷款用途_7mean_x,0.008116526427446995,0.0,0.0,0,486.0,544.0,479.0,525.0,2034.0
487,行业_0mean_y,0.008000695325075179,0.0,0.0,0,488.0,544.0,479.0,525.0,2036.0
784,首付月数min_x,0.00015257922761815706,0.0002364155697165494,0.0010632493,5,785.0,348.0,454.0,450.0,2037.0
489,申请人是否额外提供了文件3,0.0077282392506033,0.0,0.0,0,490.0,544.0,479.0,525.0,2038.0
491,申请时点_10sum_y,0.007625284704724331,0.0,0.0,0,492.0,544.0,479.0,525.0,2040.0
493,贷款用途_9mean_y,0.007526769534780485,0.0,0.0,0,494.0,544.0,479.0,525.0,2042.0
539,商品类别_12mean_x,0.005671328810120603,0.0,0.0,3,540.0,544.0,479.0,479.0,2042.0
495,商品类别_16mean_y,0.007226655612720047,0.0,0.0,0,496.0,544.0,479.0,525.0,2044.0
498,贷款用途_12mean_y,0.007146333423597091,0.0,0.0,0,499.0,544.0,479.0,525.0,2047.0
503,贷款用途_13sum_y,0.0069675346884812755,0.0,0.0,0,504.0,544.0,479.0,525.0,2052.0
505,商品类别_25sum_x,0.0069107626998403384,0.0,0.0,0,506.0,544.0,479.0,525.0,2054.0
506,贷款用途_0sum_x,0.0068694443393697,0.0,0.0,0,507.0,544.0,479.0,525.0,2055.0
527,商品类别_18mean_x,0.00600729520189753,0.0,0.0,1,528.0,544.0,479.0,505.0,2056.0
509,商品类别_21mean_x,0.006786250242393639,0.0,0.0,0,510.0,544.0,479.0,525.0,2058.0
512,贷款用途_12sum_y,0.006736715663273206,0.0,0.0,0,513.0,544.0,479.0,525.0,2061.0
515,产品组合_16.0mean_y,0.006566105606674253,0.0,0.0,0,516.0,544.0,479.0,525.0,2064.0
516,贷款用途_4sum_y,0.006538099810248114,0.0,0.0,0,517.0,544.0,479.0,525.0,2065.0
521,贷款用途_18mean_y,0.0063692045472803745,0.0,0.0,0,522.0,544.0,479.0,525.0,2070.0
522,陪同申请人_5.0sum_y,0.006257257976291171,0.0,0.0,0,523.0,544.0,479.0,525.0,2071.0
598,商品类别_16mean_x,0.003947056932183692,0.0,0.0,5,599.0,544.0,479.0,450.0,2072.0
548,产品组合_12.0sum_y,0.005341910671891997,3.5968003568309114e-06,0.0,1,549.0,539.0,479.0,505.0,2072.0
523,行业_9mean_x,0.006211224732787325,0.0,0.0,0,524.0,544.0,479.0,525.0,2072.0
753,行业_1mean_y,0.0008349351447204629,0.0,0.0017464618,0,754.0,544.0,251.0,525.0,2074.0
526,贷款用途_6sum_x,0.006148107134737915,0.0,0.0,0,527.0,544.0,479.0,525.0,2075.0
528,教育程度_0,0.005895025971919539,0.0,0.0,0,529.0,544.0,479.0,525.0,2077.0
531,商品类别_25sum_y,0.005861132012063486,0.0,0.0,0,532.0,544.0,479.0,525.0,2080.0
532,商品类别_13sum_y,0.005856026094728327,0.0,0.0,0,533.0,544.0,479.0,525.0,2081.0
533,贷款用途_0mean_x,0.005828553537333021,0.0,0.0,0,534.0,544.0,479.0,525.0,2082.0
534,贷款用途_22sum_x,0.0057657372501950365,0.0,0.0,0,535.0,544.0,479.0,525.0,2083.0
535,获客渠道_1mean_y,0.00574162962680278,0.0,0.0,0,536.0,544.0,479.0,525.0,2084.0
536,获客渠道_1sum_y,0.005703013168749796,0.0,0.0,0,537.0,544.0,479.0,525.0,2085.0
537,商品类别_26mean_y,0.00569537751413636,0.0,0.0,0,538.0,544.0,479.0,525.0,2086.0
538,职业_13.0,0.005695033647548514,0.0,0.0,0,539.0,544.0,479.0,525.0,2087.0
708,陪同申请人_5.0sum_x,0.0015665424811651645,1.565008889950008e-05,0.0014439663,1,709.0,505.0,370.0,505.0,2089.0
541,客户类型_3sum_y,0.0055269491756187615,0.0,0.0,0,542.0,544.0,479.0,525.0,2090.0
542,组合类型_1mean_y,0.005517637232245068,0.0,0.0,0,543.0,544.0,479.0,525.0,2091.0
543,贷款用途_15sum_y,0.005516674229449354,0.0,0.0,0,544.0,544.0,479.0,525.0,2092.0
545,行业_7sum_y,0.0054221601810188185,0.0,0.0,0,546.0,544.0,479.0,525.0,2094.0
547,组合类型_1sum_y,0.005398228901047935,0.0,0.0,0,548.0,544.0,479.0,525.0,2096.0
549,贷款用途_22sum_y,0.005341659967884497,0.0,0.0,0,550.0,544.0,479.0,525.0,2098.0
550,贷款用途_11sum_x,0.005294348424488581,0.0,0.0,0,551.0,544.0,479.0,525.0,2099.0
551,贷款用途_22mean_x,0.005290473958446229,0.0,0.0,0,552.0,544.0,479.0,525.0,2100.0
552,客户类型_3mean_y,0.005232085263303393,0.0,0.0,0,553.0,544.0,479.0,525.0,2101.0
599,商品类别_18sum_x,0.003897255625773373,0.0,0.0,3,600.0,544.0,479.0,479.0,2102.0
623,产品组合_11.0sum_y,0.0033982427573494532,1.2214315840705715e-05,0.0,2,624.0,510.0,479.0,491.0,2104.0
577,陪同申请人_0.0,0.0046021804820572535,0.0,0.0,1,578.0,544.0,479.0,505.0,2106.0
559,商品类别_0mean_y,0.005155239925566804,0.0,0.0,0,560.0,544.0,479.0,525.0,2108.0
560,商品类别_3sum_y,0.0051390792354935105,0.0,0.0,0,561.0,544.0,479.0,525.0,2109.0
561,行业_7mean_y,0.005130840845016611,0.0,0.0,0,562.0,544.0,479.0,525.0,2110.0
564,商品类别_0sum_y,0.0049705651251523465,0.0,0.0,0,565.0,544.0,479.0,525.0,2113.0
651,行业_5sum_y,0.002836898428046171,0.0,0.0013833973,0,652.0,544.0,393.0,525.0,2114.0
565,行业_9sum_x,0.00495342802085721,0.0,0.0,0,566.0,544.0,479.0,525.0,2114.0
570,贷款用途_3sum_y,0.004891286944149635,0.0,0.0,0,571.0,544.0,479.0,525.0,2119.0
571,贷款用途_8sum_y,0.004835880028662619,0.0,0.0,0,572.0,544.0,479.0,525.0,2120.0
576,陪同申请人_0.0sum_y,0.004612573852117509,3.503961963309687e-06,0.0,0,577.0,540.0,479.0,525.0,2121.0
686,商品类别_7mean_y,0.00202153271254098,3.0217804644902393e-05,0.0,3,687.0,476.0,479.0,479.0,2121.0
572,商品类别_13mean_y,0.004713195071792215,0.0,0.0,0,573.0,544.0,479.0,525.0,2121.0
574,商品类别_18mean_y,0.004637798270699086,0.0,0.0,0,575.0,544.0,479.0,525.0,2123.0
575,商品类别_9mean_x,0.004612728802071709,0.0,0.0,0,576.0,544.0,479.0,525.0,2124.0
578,商品类别_0mean_x,0.004504368655609632,0.0,0.0,0,579.0,544.0,479.0,525.0,2127.0
579,商品类别_10mean_x,0.004463825968125172,0.0,0.0,0,580.0,544.0,479.0,525.0,2128.0
641,商品类别_3sum_x,0.003058450702558998,1.504366403580273e-06,0.0,4,642.0,543.0,479.0,464.0,2128.0
580,申请时点_11mean_x,0.0044258242172448455,0.0,0.0,0,581.0,544.0,479.0,525.0,2129.0
582,产品组合_15.0mean_y,0.00437865644097943,0.0,0.0,0,583.0,544.0,479.0,525.0,2131.0
583,贷款用途_8mean_x,0.004377581743000607,0.0,0.0,0,584.0,544.0,479.0,525.0,2132.0
585,收入类型_6,0.004255819883472172,0.0,0.0,0,586.0,544.0,479.0,525.0,2134.0
586,陪同申请人_5.0mean_y,0.004223052289210497,0.0,0.0,0,587.0,544.0,479.0,525.0,2135.0
680,申请时点_1mean_x,0.002159325439704646,0.0,0.001005212,5,681.0,544.0,460.0,450.0,2135.0
587,产品组合_13.0mean_y,0.004209780246951489,0.0,0.0,0,588.0,544.0,479.0,525.0,2136.0
589,贷款用途_13mean_y,0.0041784584401495855,0.0,0.0,0,590.0,544.0,479.0,525.0,2138.0
591,商品类别_3mean_y,0.004143538024068809,0.0,0.0,0,592.0,544.0,479.0,525.0,2140.0
593,贷款用途_18sum_x,0.004135313257132445,0.0,0.0,0,594.0,544.0,479.0,525.0,2142.0
594,商品类别_20mean_x,0.004103103274164017,0.0,0.0,0,595.0,544.0,479.0,525.0,2143.0
595,贷款用途_1sum_y,0.004067683353134529,0.0,0.0,0,596.0,544.0,479.0,525.0,2144.0
600,产品组合_17.0sum_x,0.0038791732957722718,0.0,0.0,0,601.0,544.0,479.0,525.0,2149.0
601,付款方式_2sum_y,0.003867614714466043,0.0,0.0,0,602.0,544.0,479.0,525.0,2150.0
603,商品类别_6sum_y,0.003806533933891397,0.0,0.0,0,604.0,544.0,479.0,525.0,2152.0
604,付款方式_2mean_y,0.0037667761981174147,0.0,0.0,0,605.0,544.0,479.0,525.0,2153.0
605,行业_8mean_x,0.003752781038448758,0.0,0.0,0,606.0,544.0,479.0,525.0,2154.0
609,贷款用途_22mean_y,0.0036827837177885025,0.0,0.0,0,610.0,544.0,479.0,525.0,2158.0
610,商品类别_10sum_x,0.0036705377483872547,0.0,0.0,0,611.0,544.0,479.0,525.0,2159.0
612,商品类别_18sum_y,0.003612976863350569,0.0,0.0,0,613.0,544.0,479.0,525.0,2161.0
613,贷款用途_4sum_x,0.0035974280770510914,0.0,0.0,0,614.0,544.0,479.0,525.0,2162.0
614,商品类别_12mean_y,0.003565126369628853,0.0,0.0,0,615.0,544.0,479.0,525.0,2163.0
616,商品类别_20mean_y,0.0035516655669039525,0.0,0.0,0,617.0,544.0,479.0,525.0,2165.0
618,贷款用途_2sum_y,0.003510039313264834,0.0,0.0,0,619.0,544.0,479.0,525.0,2167.0
619,职业_5.0,0.0034894349855502907,0.0,0.0,0,620.0,544.0,479.0,525.0,2168.0
620,行业_1sum_y,0.003436382321592277,0.0,0.0,0,621.0,544.0,479.0,525.0,2169.0
640,商品类别_23sum_x,0.0030616375551209287,0.0,0.0,1,641.0,544.0,479.0,505.0,2169.0
621,商品类别_8mean_y,0.0034170586265163303,0.0,0.0,0,622.0,544.0,479.0,525.0,2170.0
622,贷款用途_18mean_x,0.0034058675353450412,0.0,0.0,0,623.0,544.0,479.0,525.0,2171.0
624,商品类别_0sum_x,0.003387796774205384,0.0,0.0,0,625.0,544.0,479.0,525.0,2173.0
625,申请人是否额外提供了文件6,0.0033612998510558225,0.0,0.0,0,626.0,544.0,479.0,525.0,2174.0
626,商品类别_16sum_x,0.003344599286543084,0.0,0.0,0,627.0,544.0,479.0,525.0,2175.0
628,获客渠道_1sum_x,0.003303484090376841,0.0,0.0,0,629.0,544.0,479.0,525.0,2177.0
685,行业_5mean_y,0.0020326626439315034,2.533595910956293e-05,0.0,0,686.0,487.0,479.0,525.0,2177.0
630,陪同申请人_2.0mean_x,0.0032860979520363547,0.0,0.0,0,631.0,544.0,479.0,525.0,2179.0
631,商品类别_9sum_x,0.0032534669014268624,0.0,0.0,0,632.0,544.0,479.0,525.0,2180.0
632,商品类别_8sum_y,0.0032452829099855725,0.0,0.0,0,633.0,544.0,479.0,525.0,2181.0
633,陪同申请人_4.0sum_y,0.003218280596645084,0.0,0.0,0,634.0,544.0,479.0,525.0,2182.0
634,行业_6sum_y,0.0032095779860991584,0.0,0.0,0,635.0,544.0,479.0,525.0,2183.0
635,获客渠道_1mean_x,0.0031814868491342923,0.0,0.0,0,636.0,544.0,479.0,525.0,2184.0
636,商品类别_21sum_y,0.0031634985051484624,0.0,0.0,0,637.0,544.0,479.0,525.0,2185.0
637,职业_16.0,0.003148876409316636,0.0,0.0,0,638.0,544.0,479.0,525.0,2186.0
638,商品类别_25mean_y,0.0031302480178058397,0.0,0.0,0,639.0,544.0,479.0,525.0,2187.0
642,职业_7.0,0.0030541599609895513,0.0,0.0,0,643.0,544.0,479.0,525.0,2191.0
643,商品类别_12sum_y,0.003032325581732628,0.0,0.0,0,644.0,544.0,479.0,525.0,2192.0
644,商品类别_4sum_y,0.002993022064273065,0.0,0.0,0,645.0,544.0,479.0,525.0,2193.0
646,商品类别_11sum_y,0.0028873198335430503,0.0,0.0,0,647.0,544.0,479.0,525.0,2195.0
647,商品类别_15mean_y,0.002872410903847892,0.0,0.0,0,648.0,544.0,479.0,525.0,2196.0
648,行业_9mean_y,0.002870950253866709,0.0,0.0,0,649.0,544.0,479.0,525.0,2197.0
649,贷款用途_10mean_x,0.0028603590945099986,0.0,0.0,0,650.0,544.0,479.0,525.0,2198.0
650,行业_7mean_x,0.0028373782581165227,0.0,0.0,0,651.0,544.0,479.0,525.0,2199.0
652,行业_7sum_x,0.0028033139384212287,0.0,0.0,0,653.0,544.0,479.0,525.0,2201.0
653,申请人是否额外提供了文件4,0.002789254534805864,0.0,0.0,0,654.0,544.0,479.0,525.0,2202.0
654,申请时点_0sum_x,0.0027570640707181232,0.0,0.0,0,655.0,544.0,479.0,525.0,2203.0
655,商品类别_23sum_y,0.002753937928510847,0.0,0.0,0,656.0,544.0,479.0,525.0,2204.0
656,贷款用途_15sum_x,0.0027501544236104274,0.0,0.0,0,657.0,544.0,479.0,525.0,2205.0
741,手机号是否有效,0.0010355042581678818,1.5563246096844275e-05,0.0,3,742.0,506.0,479.0,479.0,2206.0
657,收入类型_0,0.002750154423603325,0.0,0.0,0,658.0,544.0,479.0,525.0,2206.0
658,组合类型_1mean_x,0.0027340322556677604,0.0,0.0,0,659.0,544.0,479.0,525.0,2207.0
659,产品组合_13.0sum_y,0.002709000368092141,0.0,0.0,0,660.0,544.0,479.0,525.0,2208.0
660,产品组合_17.0mean_x,0.0026922070553411976,0.0,0.0,0,661.0,544.0,479.0,525.0,2209.0
661,组合类型_1sum_x,0.0026893985066078928,0.0,0.0,0,662.0,544.0,479.0,525.0,2210.0
662,贷款用途_2mean_y,0.0026164660173772377,0.0,0.0,0,663.0,544.0,479.0,525.0,2211.0
663,申请时点_11sum_x,0.0025249704617030305,0.0,0.0,0,664.0,544.0,479.0,525.0,2212.0
664,贷款用途_8sum_x,0.0025209833934001394,0.0,0.0,0,665.0,544.0,479.0,525.0,2213.0
665,贷款用途_8mean_y,0.002515060103557488,0.0,0.0,0,666.0,544.0,479.0,525.0,2214.0
667,收入类型_5,0.0025105270575145012,0.0,0.0,0,668.0,544.0,479.0,525.0,2216.0
668,申请时点_11mean_y,0.0024762780781429697,0.0,0.0,0,669.0,544.0,479.0,525.0,2217.0
669,行业_8sum_x,0.002440586586870171,0.0,0.0,0,670.0,544.0,479.0,525.0,2218.0
671,行业_3sum_y,0.002390067901482557,0.0,0.0005681478,0,672.0,544.0,477.0,525.0,2218.0
672,收入类型_2,0.002376772451905831,0.0,0.0,0,673.0,544.0,479.0,525.0,2221.0
707,陪同申请人_4.0sum_x,0.0016194039160683591,5.768094698710073e-06,0.0,1,708.0,529.0,479.0,505.0,2221.0
673,行业_6mean_y,0.002342149594305912,0.0,0.0,0,674.0,544.0,479.0,525.0,2222.0
674,客户类型_3sum_x,0.0022545954319609773,0.0,0.0,0,675.0,544.0,479.0,525.0,2223.0
675,商品类别_8mean_x,0.002243247763912542,0.0,0.0,0,676.0,544.0,479.0,525.0,2224.0
693,申请时点_10mean_y,0.0018864895225270712,5.845883174009371e-06,0.0,0,694.0,528.0,479.0,525.0,2226.0
681,商品类别_24sum_y,0.0021572630326102387,0.0,0.0,0,682.0,544.0,479.0,525.0,2230.0
683,商品类别_15mean_x,0.0021209814615942998,0.0,0.0,0,684.0,544.0,479.0,525.0,2232.0
684,行业_3mean_y,0.0020633833635462988,0.0,0.0,0,685.0,544.0,479.0,525.0,2233.0
687,行业_8mean_y,0.0020128943337402506,0.0,0.0,0,688.0,544.0,479.0,525.0,2236.0
688,付款方式_2sum_x,0.0019702038852221428,0.0,0.0,0,689.0,544.0,479.0,525.0,2237.0
689,贷款用途_1mean_y,0.0019409470158498875,0.0,0.0,0,690.0,544.0,479.0,525.0,2238.0
690,贷款用途_15mean_x,0.0019299185141028016,0.0,0.0,0,691.0,544.0,479.0,525.0,2239.0
775,贷款用途_9mean_x,0.0002570070914500068,0.0,0.0,6,776.0,544.0,479.0,441.0,2240.0
692,贷款用途_5mean_x,0.0019087853663692065,0.0,0.0,0,693.0,544.0,479.0,525.0,2241.0
695,商品类别_6mean_y,0.0018562455321472031,0.0,0.0,0,696.0,544.0,479.0,525.0,2244.0
696,付款方式_1mean_y,0.0018468496138706215,0.0,0.0,0,697.0,544.0,479.0,525.0,2245.0
697,行业_9sum_y,0.0018388792126095407,0.0,0.0,0,698.0,544.0,479.0,525.0,2246.0
699,陪同申请人_4.0mean_y,0.0017579358640258714,0.0,0.0,0,700.0,544.0,479.0,525.0,2248.0
700,申请人是否额外提供了文件5,0.0017558959211355,0.0,0.0,0,701.0,544.0,479.0,525.0,2249.0
701,贷款用途_6mean_x,0.001741851733229863,0.0,0.0,0,702.0,544.0,479.0,525.0,2250.0
702,贷款用途_3mean_x,0.0017392452443251154,0.0,0.0,0,703.0,544.0,479.0,525.0,2251.0
703,申请人是否额外提供了文件2,0.0016645098205062075,0.0,0.0,0,704.0,544.0,479.0,525.0,2252.0
705,商品类别_20sum_x,0.0016427626468222595,0.0,0.0,0,706.0,544.0,479.0,525.0,2254.0
706,贷款用途_5mean_y,0.0016312112097128446,0.0,0.0,0,707.0,544.0,479.0,525.0,2255.0
748,付款方式_2mean_x,0.0009031281340144649,1.74223272030111e-05,0.0,0,749.0,502.0,479.0,525.0,2255.0
709,产品组合_17.0sum_y,0.00155662279095834,0.0,0.0,0,710.0,544.0,479.0,525.0,2258.0
710,商品类别_24mean_y,0.0015529821272144944,0.0,0.0,0,711.0,544.0,479.0,525.0,2259.0
711,贷款申请前1小时内征信查询次数,0.0015275370417074806,0.0,0.0,0,712.0,544.0,479.0,525.0,2260.0
712,商品类别_23mean_x,0.0015205887210985678,0.0,0.0,0,713.0,544.0,479.0,525.0,2261.0
713,商品类别_26sum_y,0.0014969837627714438,0.0,0.0,0,714.0,544.0,479.0,525.0,2262.0
714,贷款用途_1mean_x,0.0014777151838459154,0.0,0.0,0,715.0,544.0,479.0,525.0,2263.0
715,贷款用途_5sum_x,0.0014771427774307733,0.0,0.0,0,716.0,544.0,479.0,525.0,2264.0
716,贷款用途_1sum_x,0.0014378046774729243,0.0,0.0,0,717.0,544.0,479.0,525.0,2265.0
717,贷款用途_2mean_x,0.0014322162144853304,0.0,0.0,0,718.0,544.0,479.0,525.0,2266.0
718,付款方式_1mean_x,0.0014312795609811252,0.0,0.0,0,719.0,544.0,479.0,525.0,2267.0
719,申请时点_11sum_y,0.0014228202880596378,0.0,0.0,0,720.0,544.0,479.0,525.0,2268.0
720,申请时点_1sum_x,0.0013994081038692296,0.0,0.0,0,721.0,544.0,479.0,525.0,2269.0
722,贷款用途_3mean_y,0.0013565568168414082,0.0,0.0,0,723.0,544.0,479.0,525.0,2271.0
723,商品类别_9sum_y,0.0013389582848085373,0.0,0.0,0,724.0,544.0,479.0,525.0,2272.0
724,商品类别_11mean_y,0.001325551706269491,0.0,0.0,0,725.0,544.0,479.0,525.0,2273.0
725,商品类别_26mean_x,0.0013210630720432671,0.0,0.0,0,726.0,544.0,479.0,525.0,2274.0
727,贷款用途_13mean_x,0.00124850746161117,0.0,0.0,0,728.0,544.0,479.0,525.0,2276.0
729,陪同申请人_2.0sum_x,0.0011353073258608506,0.0,0.0,0,730.0,544.0,479.0,525.0,2278.0
731,商品类别_1sum_x,0.0011227257925950026,0.0,0.0,0,731.0,544.0,479.0,525.0,2279.0
750,贷款用途_9sum_x,0.0008376041467957013,0.0,0.0,1,751.0,544.0,479.0,505.0,2279.0
730,商品类别_1mean_x,0.0011227257925950026,0.0,0.0,0,731.0,544.0,479.0,525.0,2279.0
733,贷款用途_19sum_x,0.0011227257925925471,0.0,0.0,0,733.0,544.0,479.0,525.0,2281.0
732,贷款用途_19mean_x,0.0011227257925925471,0.0,0.0,0,733.0,544.0,479.0,525.0,2281.0
735,商品类别_10mean_y,0.0011227257925920551,0.0,0.0,0,735.0,544.0,479.0,525.0,2283.0
734,商品类别_10sum_y,0.0011227257925920551,0.0,0.0,0,735.0,544.0,479.0,525.0,2283.0
736,申请时点_0mean_x,0.0011154277639998844,0.0,0.0,0,737.0,544.0,479.0,525.0,2285.0
737,付款方式_1sum_y,0.0010972469530218694,0.0,0.0,0,738.0,544.0,479.0,525.0,2286.0
739,客户类型_3mean_x,0.0010838875480311066,0.0,0.0,0,740.0,544.0,479.0,525.0,2288.0
742,贷款用途_15mean_y,0.0010301166426768908,0.0,0.0,0,743.0,544.0,479.0,525.0,2291.0
745,申请时点_0sum_y,0.0009723892259731801,0.0,0.0,0,746.0,544.0,479.0,525.0,2294.0
746,商品类别_8sum_x,0.0009143360095411153,0.0,0.0,0,747.0,544.0,479.0,525.0,2295.0
747,贷款用途_19mean_y,0.0009034450010604988,0.0,0.0,0,748.0,544.0,479.0,525.0,2296.0
751,行业_8sum_y,0.0008369087788448008,0.0,0.0,0,752.0,544.0,479.0,525.0,2300.0
752,贷款用途_19sum_y,0.0008368423524991362,0.0,0.0,0,753.0,544.0,479.0,525.0,2301.0
754,贷款用途_4mean_x,0.0007840599349117188,0.0,0.0,0,755.0,544.0,479.0,525.0,2303.0
755,贷款用途_12mean_x,0.0007317936017564592,0.0,0.0,0,756.0,544.0,479.0,525.0,2304.0
756,商品类别_4mean_y,0.000728158512907872,0.0,0.0,0,757.0,544.0,479.0,525.0,2305.0
758,付款方式_1sum_x,0.000635111553930187,0.0,0.0,0,759.0,544.0,479.0,525.0,2307.0
759,商品类别_17sum_y,0.0005927139577478548,0.0,0.0,0,760.0,544.0,479.0,525.0,2308.0
760,商品类别_15sum_y,0.0005641935034030786,0.0,0.0,0,761.0,544.0,479.0,525.0,2309.0
761,居住状态_0,0.0005369610051546736,0.0,0.0,0,762.0,544.0,479.0,525.0,2310.0
762,商品类别_22mean_y,0.0005160960615629413,0.0,0.0,0,763.0,544.0,479.0,525.0,2311.0
763,贷款用途_4mean_y,0.00046408862455072286,0.0,0.0,0,764.0,544.0,479.0,525.0,2312.0
766,商品类别_15sum_x,0.0004307083882586482,0.0,0.0,0,767.0,544.0,479.0,525.0,2315.0
767,职业_14.0,0.0004064147208432751,0.0,0.0,0,768.0,544.0,479.0,525.0,2316.0
769,陪同申请人_2.0mean_y,0.000376027725700425,0.0,0.0,0,770.0,544.0,479.0,525.0,2318.0
770,商品类别_20sum_y,0.0003536793892128483,0.0,0.0,0,771.0,544.0,479.0,525.0,2319.0
771,商品类别_9mean_y,0.000350177157560212,0.0,0.0,0,772.0,544.0,479.0,525.0,2320.0
772,贷款用途_5sum_y,0.0003428262917461681,0.0,0.0,0,773.0,544.0,479.0,525.0,2321.0
773,商品类别_21mean_y,0.00029946294990768605,0.0,0.0,0,774.0,544.0,479.0,525.0,2322.0
774,商品类别_26sum_x,0.0002646512200105213,0.0,0.0,0,775.0,544.0,479.0,525.0,2323.0
776,陪同申请人_2.0,0.00023075666668942652,0.0,0.0,0,777.0,544.0,479.0,525.0,2325.0
777,商品类别_23mean_y,0.00022085461196421808,0.0,0.0,0,778.0,544.0,479.0,525.0,2326.0
778,陪同申请人_2.0sum_y,0.0002179949636548769,0.0,0.0,0,779.0,544.0,479.0,525.0,2327.0
779,商品类别_17mean_y,0.00019672495760228648,0.0,0.0,0,780.0,544.0,479.0,525.0,2328.0
781,贷款用途_13sum_x,0.00018581754619137472,0.0,0.0,0,782.0,544.0,479.0,525.0,2330.0
782,陪同申请人_4.0,0.00016518595930145824,0.0,0.0,0,783.0,544.0,479.0,525.0,2331.0
783,产品组合_17.0mean_y,0.0001632955579777676,0.0,0.0,0,784.0,544.0,479.0,525.0,2332.0
785,贷款用途_12sum_x,0.00014145318536007694,0.0,0.0,0,786.0,544.0,479.0,525.0,2334.0
786,贷款用途_10sum_x,0.0001222902601935778,0.0,0.0,0,787.0,544.0,479.0,525.0,2335.0
787,贷款用途_3sum_x,9.215338990407152e-05,0.0,0.0,0,788.0,544.0,479.0,525.0,2336.0
788,申请时点_0mean_y,4.1150185630770796e-05,0.0,0.0,0,789.0,544.0,479.0,525.0,2337.0
790,贷款用途_2sum_x,1.2168778140332527e-15,0.0,0.0,0,791.0,544.0,479.0,525.0,2339.0
